candidate_id,window_size,alphabet_size,suffix_max_order,suffix_min_context_count,suffix_smoothing_alpha,anomaly_threshold,stability_f1_mean,stability_f1_min,accuracy_mean,precision_mean,recall_mean,num_contexts_mean,transition_density_mean
291,5,5,2,1,0.1,0.9,0.580005726564251,0.4090909090909091,0.5146000254699122,0.4229157667388982,0.927331189710611,431.0,0.013312386893514805
297,5,5,2,2,0.1,0.9,0.580005726564251,0.4090909090909091,0.5146000254699122,0.4229157667388982,0.927331189710611,431.0,0.013312386893514805
303,5,5,3,1,0.1,0.9,0.5792344454450281,0.4086687306501548,0.5128239070258838,0.4221562768780244,0.927331189710611,884.4,0.011447932808683146
309,5,5,3,2,0.1,0.9,0.5792344454450281,0.4086687306501548,0.5128239070258838,0.4221562768780244,0.927331189710611,884.4,0.011447932808683146
315,5,5,4,1,0.1,0.9,0.5784700101241472,0.40824742268041236,0.5110477885818553,0.4214058945214266,0.927331189710611,1561.0,0.010293507332427062
321,5,5,4,2,0.1,0.9,0.5784700101241472,0.40824742268041236,0.5110477885818553,0.4214058945214266,0.927331189710611,1561.0,0.010293507332427062
171,4,4,4,1,0.1,0.9,0.548148025397489,0.19101123595505617,0.5402924006038788,0.41942752807259964,0.796938623590278,746.4,0.030585290832388777
177,4,4,4,2,0.1,0.9,0.5481229215536271,0.19101123595505617,0.5408285936333694,0.4197467493190013,0.7954348641917818,746.4,0.030585290832388777
159,4,4,3,1,0.1,0.9,0.5462859556813251,0.18679245283018867,0.5432277009128762,0.4201648862917372,0.7861922831047544,385.2,0.033551219709951556
165,4,4,3,2,0.1,0.9,0.546268411303614,0.18679245283018867,0.5435851629325366,0.4203843362959354,0.7851897768390903,385.2,0.033551219709951556
147,4,4,2,1,0.1,0.9,0.5442985396436422,0.18285714285714286,0.5458155142430036,0.42074793528599397,0.7764559489317704,173.0,0.038535113877933784
153,4,4,2,2,0.1,0.9,0.5442917096714245,0.18285714285714286,0.5459942452528337,0.42086205532032206,0.7759546957989383,173.0,0.038535113877933784
279,5,4,4,1,0.1,0.9,0.5388986333421358,0.4491725768321513,0.5487006679025684,0.4308309321396388,0.7321994491409023,1140.8,0.015172489837565644
285,5,4,4,2,0.1,0.9,0.5388986333421358,0.4491725768321513,0.5487006679025684,0.4308309321396388,0.7321994491409023,1140.8,0.015172489837565644
174,4,4,4,1,0.5,0.9,0.538037253172562,0.19065420560747665,0.5171979124540582,0.4090054622456627,0.7986930095551903,746.4,0.030585290832388777
180,4,4,4,2,0.5,0.9,0.5380043379855118,0.19065420560747665,0.5177341054835487,0.40927704619667277,0.7971892501566941,746.4,0.030585290832388777
201,4,5,3,2,0.1,0.9,0.5379510296468244,0.1946034341782502,0.4744506142518746,0.39514392885947636,0.8511278195488721,586.0,0.021220055304000222
258,5,4,2,1,0.5,0.9,0.5378993752647886,0.4095139607032058,0.4261613291593111,0.38059511248976996,0.927331189710611,302.0,0.019642362495158903
264,5,4,2,2,0.5,0.9,0.5378993752647886,0.4095139607032058,0.4261613291593111,0.38059511248976996,0.927331189710611,302.0,0.019642362495158903
195,4,5,3,1,0.1,0.9,0.5375827870180515,0.1946034341782502,0.47373948291302775,0.39475104367079117,0.8511278195488721,586.0,0.021220055304000222
270,5,4,3,1,0.5,0.9,0.5371683520641939,0.4095139607032058,0.42450019959120483,0.37988212947846767,0.927331189710611,633.2,0.016893713509574658
276,5,4,3,2,0.5,0.9,0.5371683520641939,0.4095139607032058,0.42450019959120483,0.37988212947846767,0.927331189710611,633.2,0.016893713509574658
213,4,5,4,2,0.1,0.9,0.5371194485925843,0.19607843137254902,0.47214155425576665,0.39398643638289427,0.8523809523809524,1120.4,0.019225564730658975
282,5,4,4,1,0.5,0.9,0.5365904102643964,0.4095139607032058,0.4231712959367197,0.37932107610703536,0.927331189710611,1140.8,0.015172489837565644
288,5,4,4,2,0.5,0.9,0.5365904102643964,0.4095139607032058,0.4231712959367197,0.37932107610703536,0.927331189710611,1140.8,0.015172489837565644
207,4,5,4,1,0.1,0.9,0.5365718193824758,0.19607843137254902,0.4710748572474962,0.39340507635062627,0.8523809523809524,1120.4,0.019225564730658975
162,4,4,3,1,0.5,0.9,0.5358390614903271,0.18626528692380057,0.518889831179976,0.4090269231582012,0.789199801901747,385.2,0.033551219709951556
168,4,4,3,2,0.5,0.9,0.5358167555645579,0.18626528692380057,0.5192472931996365,0.4092112498804257,0.7881972956360828,385.2,0.033551219709951556
189,4,5,2,2,0.1,0.9,0.5341193337334476,0.19312602291325695,0.46612707551332233,0.3892900066076902,0.8571428571428571,268.6,0.02417292947722288
183,4,5,2,1,0.1,0.9,0.5339453806769279,0.19312602291325695,0.4657715098438988,0.389112796701734,0.8571428571428571,268.6,0.02417292947722288
150,4,4,2,1,0.5,0.9,0.5329105828805342,0.18181818181818182,0.520314296765539,0.4087685974214536,0.7779597083302666,173.0,0.038535113877933784
156,4,4,2,2,0.5,0.9,0.532899306050642,0.18181818181818182,0.5204930277753691,0.40886269355623633,0.7774584551974345,173.0,0.038535113877933784
267,5,4,3,1,0.1,0.9,0.5316649751977611,0.4444444444444444,0.5486785944187563,0.4302852540627115,0.7105171506697594,633.2,0.016893713509574658
273,5,4,3,2,0.1,0.9,0.5316649751977611,0.4444444444444444,0.5486785944187563,0.4302852540627115,0.7105171506697594,633.2,0.016893713509574658
278,5,4,4,1,0.1,0.7,0.5310896772396634,0.3407821229050279,0.5729012195745902,0.4400896079821603,0.6849218823793592,1140.8,0.015172489837565644
280,5,4,4,1,0.5,0.5,0.5309300334672329,0.3407821229050279,0.5726772554088567,0.43984440483784715,0.6849218823793592,1140.8,0.015172489837565644
294,5,5,2,1,0.5,0.9,0.5298143397961279,0.5218120805369127,0.36038649945033174,0.36038649945033174,1.0,431.0,0.013312386893514805
300,5,5,2,2,0.5,0.9,0.5298143397961279,0.5218120805369127,0.36038649945033174,0.36038649945033174,1.0,431.0,0.013312386893514805
306,5,5,3,1,0.5,0.9,0.5298143397961279,0.5218120805369127,0.36038649945033174,0.36038649945033174,1.0,884.4,0.011447932808683146
312,5,5,3,2,0.5,0.9,0.5298143397961279,0.5218120805369127,0.36038649945033174,0.36038649945033174,1.0,884.4,0.011447932808683146
318,5,5,4,1,0.5,0.9,0.5298143397961279,0.5218120805369127,0.36038649945033174,0.36038649945033174,1.0,1561.0,0.010293507332427062
324,5,5,4,2,0.5,0.9,0.5298143397961279,0.5218120805369127,0.36038649945033174,0.36038649945033174,1.0,1561.0,0.010293507332427062
284,5,4,4,2,0.1,0.7,0.5289126418496994,0.3407821229050279,0.5711293480352768,0.43879761647441357,0.6800880455213533,1140.8,0.015172489837565644
286,5,4,4,2,0.5,0.5,0.528752998077269,0.3407821229050279,0.5709053838695433,0.4385524133301004,0.6800880455213533,1140.8,0.015172489837565644
281,5,4,4,1,0.5,0.7,0.528459729404718,0.3407821229050279,0.5669797846962192,0.4344218560916663,0.6897557192373653,1140.8,0.015172489837565644
287,5,4,4,2,0.5,0.7,0.528459729404718,0.3407821229050279,0.5669797846962192,0.4344218560916663,0.6897557192373653,1140.8,0.015172489837565644
255,5,4,2,1,0.1,0.9,0.5241039907726757,0.4418052256532066,0.5186558022033345,0.40524890117212753,0.7445341676805374,302.0,0.019642362495158903
261,5,4,2,2,0.1,0.9,0.5241039907726757,0.4418052256532066,0.5186558022033345,0.40524890117212753,0.7445341676805374,302.0,0.019642362495158903
268,5,4,3,1,0.5,0.5,0.5240400559394065,0.32857142857142857,0.5772502693459721,0.44206687085595,0.6600241498246151,633.2,0.016893713509574658
266,5,4,3,1,0.1,0.7,0.5238729495261512,0.32664756446991405,0.5775877408896852,0.44221032088518103,0.6593810630078949,633.2,0.016893713509574658
274,5,4,3,2,0.5,0.5,0.5218295408371547,0.32857142857142857,0.5754783978066588,0.4407527362239928,0.655190312966609,633.2,0.016893713509574658
272,5,4,3,2,0.1,0.7,0.5216624344238994,0.32664756446991405,0.5758158693503718,0.4408961862532238,0.6545472261498888,633.2,0.016893713509574658
269,5,4,3,1,0.5,0.7,0.5209027004379464,0.32857142857142857,0.5705494541517292,0.43536198071647514,0.6648579866826212,633.2,0.016893713509574658
275,5,4,3,2,0.5,0.7,0.5209027004379464,0.32857142857142857,0.5705494541517292,0.43536198071647514,0.6648579866826212,633.2,0.016893713509574658
317,5,5,4,1,0.5,0.7,0.5157128628446802,0.33296582138919517,0.4903164949419804,0.3978242340515811,0.7493695709661174,1561.0,0.010293507332427062
323,5,5,4,2,0.5,0.7,0.5157128628446802,0.33296582138919517,0.4903164949419804,0.3978242340515811,0.7493695709661174,1561.0,0.010293507332427062
256,5,4,2,1,0.5,0.5,0.5141998055753213,0.3142437591776799,0.5814981572752942,0.4438810899030744,0.6286783031955162,302.0,0.019642362495158903
262,5,4,2,2,0.5,0.5,0.5130697396052386,0.3142437591776799,0.5806122215056375,0.44320696664775694,0.6262613847665132,302.0,0.019642362495158903
257,5,4,2,1,0.5,0.7,0.5113322184155262,0.3142437591776799,0.5743469667065102,0.43614934159944224,0.6359290584825252,302.0,0.019642362495158903
263,5,4,2,2,0.5,0.7,0.5113322184155262,0.3142437591776799,0.5743469667065102,0.43614934159944224,0.6359290584825252,302.0,0.019642362495158903
254,5,4,2,1,0.1,0.7,0.5106847550937944,0.30357142857142855,0.582271825778631,0.4437617647791817,0.6204884623645117,302.0,0.019642362495158903
277,5,4,4,1,0.1,0.5,0.5103904136183661,0.30257186081694404,0.58462124269546,0.4442074776945784,0.6199924419153497,1140.8,0.015172489837565644
305,5,5,3,1,0.5,0.7,0.5103680408774504,0.34382566585956414,0.5031570604789916,0.39941796872753,0.7240741413844693,884.4,0.011447932808683146
311,5,5,3,2,0.5,0.7,0.5103680408774504,0.34382566585956414,0.5031570604789916,0.39941796872753,0.7240741413844693,884.4,0.011447932808683146
260,5,4,2,2,0.1,0.7,0.5095523549498828,0.30357142857142855,0.5813858900089743,0.4430868021060391,0.6180715439355088,302.0,0.019642362495158903
283,5,4,4,2,0.1,0.5,0.5086899702994543,0.3048780487804878,0.5853163671669892,0.4450556000459769,0.6129817776121501,1140.8,0.015172489837565644
313,5,5,4,1,0.1,0.5,0.5085099662229151,0.359039190897598,0.537058071517714,0.4243964947226039,0.6644237122041444,1561.0,0.010293507332427062
319,5,5,4,2,0.1,0.5,0.5083026759389548,0.35994930291508237,0.5377348250837061,0.4246175822870108,0.6631814641982032,1561.0,0.010293507332427062
293,5,5,2,1,0.5,0.7,0.5074891587009462,0.3374384236453202,0.5207571862692288,0.4034201610063205,0.6963929998112219,431.0,0.013312386893514805
299,5,5,2,2,0.5,0.7,0.5074891587009462,0.3374384236453202,0.5207571862692288,0.4034201610063205,0.6963929998112219,431.0,0.013312386893514805
204,4,5,3,2,0.5,0.9,0.5073021230908288,0.1946034341782502,0.4101074507130007,0.36179693429684284,0.8586466165413533,586.0,0.021220055304000222
192,4,5,2,2,0.5,0.9,0.5072195930905634,0.19312602291325695,0.4109885589807039,0.3619399967796314,0.8571428571428571,268.6,0.02417292947722288
216,4,5,4,2,0.5,0.9,0.5071272119394841,0.19607843137254902,0.40904950778570415,0.36151688895987644,0.8593984962406015,1120.4,0.019225564730658975
186,4,5,2,1,0.5,0.9,0.5070456400340437,0.19312602291325695,0.41063299331128045,0.3617627868736752,0.8571428571428571,268.6,0.02417292947722288
198,4,5,3,1,0.5,0.9,0.5069555004923413,0.1946034341782502,0.4093963193741537,0.3614444580886463,0.8586466165413533,586.0,0.021220055304000222
210,4,5,4,1,0.5,0.9,0.506609409117965,0.19607843137254902,0.4079828107774337,0.3609910529382068,0.8593984962406015,1120.4,0.019225564730658975
314,5,5,4,1,0.1,0.7,0.5065273475441696,0.3602941176470588,0.5109191212374655,0.3992835262540989,0.7066866683421645,1561.0,0.010293507332427062
320,5,5,4,2,0.1,0.7,0.5065273475441696,0.3602941176470588,0.5109191212374655,0.3992835262540989,0.7066866683421645,1561.0,0.010293507332427062
316,5,5,4,1,0.5,0.5,0.5048862188594183,0.3504171632896305,0.5067223988424471,0.3972039153531684,0.7066866683421645,1561.0,0.010293507332427062
322,5,5,4,2,0.5,0.5,0.5048862188594183,0.3504171632896305,0.5067223988424471,0.3972039153531684,0.7066866683421645,1561.0,0.010293507332427062
302,5,5,3,1,0.1,0.7,0.4973702183353841,0.35544430538172717,0.5124937491473023,0.3964116186581138,0.6818032451105519,884.4,0.011447932808683146
304,5,5,3,1,0.5,0.5,0.4973702183353841,0.35544430538172717,0.5124937491473023,0.3964116186581138,0.6818032451105519,884.4,0.011447932808683146
308,5,5,3,2,0.1,0.7,0.4973702183353841,0.35544430538172717,0.5124937491473023,0.3964116186581138,0.6818032451105519,884.4,0.011447932808683146
310,5,5,3,2,0.5,0.5,0.4973702183353841,0.35544430538172717,0.5124937491473023,0.3964116186581138,0.6818032451105519,884.4,0.011447932808683146
173,4,4,4,1,0.5,0.7,0.49626103392058846,0.1762114537444934,0.5452747606130005,0.4083469552904175,0.6509608175722741,746.4,0.030585290832388777
179,4,4,4,2,0.5,0.7,0.49587449844258674,0.1762114537444934,0.5456341189828978,0.40853211369428805,0.6484545519081136,746.4,0.030585290832388777
265,5,4,3,1,0.1,0.5,0.49558777795396464,0.28846153846153844,0.593032508373391,0.449678200461009,0.5750086673911565,633.2,0.016893713509574658
271,5,4,3,2,0.1,0.5,0.4941461976779262,0.2903225806451613,0.5928344871746634,0.4497063104993003,0.5701748305331504,633.2,0.016893713509574658
172,4,4,4,1,0.5,0.5,0.493957952337181,0.17130144605116795,0.5553342825305648,0.4162918461488598,0.6267249384860893,746.4,0.030585290832388777
178,4,4,4,2,0.5,0.5,0.4927907661129776,0.1714922048997773,0.555517604331203,0.4161020861738288,0.6227149134234328,746.4,0.030585290832388777
301,5,5,3,1,0.1,0.5,0.4904097217806468,0.35309278350515466,0.5386284253157881,0.42117288576350875,0.6204046787051533,884.4,0.011447932808683146
307,5,5,3,2,0.1,0.5,0.49009958134822823,0.35400516795865633,0.5391944369105731,0.42132458802814454,0.6191624306992121,884.4,0.011447932808683146
290,5,5,2,1,0.1,0.7,0.48632053904079786,0.35263835263835264,0.5157581322112994,0.393691480764135,0.6510552652992679,431.0,0.013312386893514805
292,5,5,2,1,0.5,0.5,0.48632053904079786,0.35263835263835264,0.5157581322112994,0.393691480764135,0.6510552652992679,431.0,0.013312386893514805
296,5,5,2,2,0.1,0.7,0.48632053904079786,0.35263835263835264,0.5157581322112994,0.393691480764135,0.6510552652992679,431.0,0.013312386893514805
298,5,5,2,2,0.5,0.5,0.48632053904079786,0.35263835263835264,0.5157581322112994,0.393691480764135,0.6510552652992679,431.0,0.013312386893514805
161,4,4,3,1,0.5,0.7,0.48542793723406535,0.16590909090909092,0.549934145076174,0.4072560158794391,0.618977959097319,385.2,0.033551219709951556
167,4,4,3,2,0.5,0.7,0.4853893736911633,0.16590909090909092,0.5502916070958344,0.40749685948003983,0.6179754528316548,385.2,0.033551219709951556
170,4,4,4,1,0.1,0.7,0.48437139095537274,0.16494845360824742,0.5586489485862951,0.4144832753436371,0.6022614973433136,746.4,0.030585290832388777
176,4,4,4,2,0.1,0.7,0.4832850468269897,0.1651376146788991,0.5590953599959748,0.41446541797301695,0.598000845714241,746.4,0.030585290832388777
160,4,4,3,1,0.5,0.5,0.47936744369697537,0.15898617511520738,0.558666095036565,0.4141269613174069,0.5897470301353562,385.2,0.033551219709951556
166,4,4,3,2,0.5,0.5,0.4788196537736402,0.15916955017301038,0.5590262514967963,0.41415217696156226,0.5877420176040279,385.2,0.033551219709951556
214,4,5,4,2,0.5,0.5,0.4752570670922168,0.17588932806324112,0.5019813867727196,0.38638718275110395,0.6474012803997935,1120.4,0.019225564730658975
208,4,5,4,1,0.5,0.5,0.4745848138952444,0.17588932806324112,0.5007369069297374,0.3856378871384729,0.6474012803997935,1120.4,0.019225564730658975
253,5,4,2,1,0.1,0.5,0.47340083397708244,0.2602739726027397,0.59730578913297,0.4515280399022329,0.525830100215441,302.0,0.019642362495158903
149,4,4,2,1,0.5,0.7,0.4732093359004411,0.1536643026004728,0.5539015548229069,0.405247153316997,0.5905232243522417,173.0,0.038535113877933784
155,4,4,2,2,0.5,0.7,0.47319224940649995,0.1536643026004728,0.5540802858327372,0.40537657277917577,0.5900219712194097,173.0,0.038535113877933784
259,5,4,2,2,0.1,0.5,0.4726441241599918,0.2611683848797251,0.5972067785336062,0.45156277248245047,0.5234131817864378,302.0,0.019642362495158903
289,5,5,2,1,0.1,0.5,0.4699743513093287,0.3328785811732606,0.5460439695105314,0.419622101846049,0.5680796000857663,431.0,0.013312386893514805
212,4,5,4,2,0.1,0.7,0.46961694541656573,0.1641509433962264,0.49317797179120226,0.3826403768992996,0.6374211060834055,1120.4,0.019225564730658975
295,5,5,2,2,0.1,0.5,0.46951637179163236,0.3333333333333333,0.5463829663493572,0.41964814839032966,0.5668373520798251,431.0,0.013312386893514805
206,4,5,4,1,0.1,0.7,0.4688983763643522,0.1641509433962264,0.4918450746184234,0.3818383377420862,0.6374211060834055,1120.4,0.019225564730658975
202,4,5,3,2,0.5,0.5,0.466595139526983,0.1724137931034483,0.5091404247548447,0.3867880787137627,0.6199297187771602,586.0,0.021220055304000222
196,4,5,3,1,0.5,0.5,0.46610651081293575,0.1724137931034483,0.5082515105812859,0.3862300799763242,0.6199297187771602,586.0,0.021220055304000222
158,4,4,3,1,0.1,0.7,0.462384963534365,0.15347721822541965,0.5618032097817138,0.40911896328739783,0.5522878407915423,385.2,0.033551219709951556
164,4,4,3,2,0.1,0.7,0.4617348850983146,0.15366146458583432,0.5619843692020037,0.4090614366484021,0.5502828282602139,385.2,0.033551219709951556
215,4,5,4,2,0.5,0.7,0.4579642981570308,0.1669793621013133,0.4665531724040471,0.3587020669054434,0.6486544132318738,1120.4,0.019225564730658975
148,4,4,2,1,0.5,0.5,0.4577395227937096,0.14540816326530612,0.5708415991631092,0.4119452234085329,0.5380426258261128,173.0,0.038535113877933784
154,4,4,2,2,0.5,0.5,0.4574549799815181,0.14540816326530612,0.5710205962030507,0.4119712932737105,0.5370401195604487,173.0,0.038535113877933784
209,4,5,4,1,0.5,0.7,0.45738745935079217,0.1669793621013133,0.46548647539577664,0.3580607386837601,0.6486544132318738,1120.4,0.019225564730658975
137,4,3,4,1,0.5,0.7,0.4565720618712553,0.14251781472684086,0.6051577666873527,0.49696915250834583,0.5041927873989511,459.8,0.05076949696845077
143,4,3,4,2,0.5,0.7,0.4565720618712553,0.14251781472684086,0.6051577666873527,0.49696915250834583,0.5041927873989511,459.8,0.05076949696845077
135,4,3,4,1,0.1,0.9,0.4565360056544816,0.1423487544483986,0.6049766072670628,0.4969036438358162,0.5041927873989511,459.8,0.05076949696845077
141,4,3,4,2,0.1,0.9,0.4565360056544816,0.1423487544483986,0.6049766072670628,0.4969036438358162,0.5041927873989511,459.8,0.05076949696845077
190,4,5,2,2,0.5,0.5,0.45429830296698126,0.1640378548895899,0.5173818807476912,0.3864657139640625,0.583198075958124,268.6,0.02417292947722288
184,4,5,2,1,0.5,0.5,0.4539997950398158,0.1640378548895899,0.516848532243556,0.38611312287660926,0.583198075958124,268.6,0.02417292947722288
146,4,4,2,1,0.1,0.7,0.4539274523333253,0.14195183776932827,0.573819748218314,0.4143441518114616,0.5205175162941783,173.0,0.038535113877933784
152,4,4,2,2,0.1,0.7,0.45357857194269335,0.14195183776932827,0.573910327928459,0.414314371173643,0.5195150100285142,173.0,0.038535113877933784
123,4,3,3,1,0.1,0.9,0.45342452325231725,0.1325153374233129,0.6114862162351304,0.5001226550943256,0.5027507867819696,234.6,0.054962090988824874
129,4,3,3,2,0.1,0.9,0.45342452325231725,0.1325153374233129,0.6114862162351304,0.5001226550943256,0.5027507867819696,234.6,0.054962090988824874
203,4,5,3,2,0.5,0.7,0.4497659746862467,0.16205910390848427,0.47093238408914095,0.3565979034343047,0.6254435032383132,586.0,0.021220055304000222
197,4,5,3,1,0.5,0.7,0.44937535097565534,0.16205910390848427,0.4702212527502939,0.3561569250377167,0.6254435032383132,586.0,0.021220055304000222
200,4,5,3,2,0.1,0.7,0.44417515339466435,0.15975103734439833,0.48413314916722144,0.3560625391359892,0.6072001336202381,586.0,0.021220055304000222
125,4,3,3,1,0.5,0.7,0.4440573404090896,0.13267813267813267,0.6073349264953849,0.49629737959960946,0.47793875670678165,234.6,0.054962090988824874
131,4,3,3,2,0.5,0.7,0.4440573404090896,0.13267813267813267,0.6073349264953849,0.49629737959960946,0.47793875670678165,234.6,0.054962090988824874
194,4,5,3,1,0.1,0.7,0.4436846775668549,0.15975103734439833,0.48324423499366265,0.35550049973142006,0.6072001336202381,586.0,0.021220055304000222
138,4,3,4,1,0.5,0.9,0.44050549234504804,0.1423487544483986,0.5608768235634958,0.3925983587071615,0.522739153313738,459.8,0.05076949696845077
144,4,3,4,2,0.5,0.9,0.44050549234504804,0.1423487544483986,0.5608768235634958,0.3925983587071615,0.522739153313738,459.8,0.05076949696845077
188,4,5,2,2,0.1,0.7,0.44004715126828275,0.1458128078817734,0.5031808614951987,0.3790583795776382,0.5609653763694232,268.6,0.02417292947722288
182,4,5,2,1,0.1,0.7,0.43974838893959733,0.1458128078817734,0.5026475129910635,0.37869702933820476,0.5609653763694232,268.6,0.02417292947722288
191,4,5,2,2,0.5,0.7,0.4382609608871502,0.15234375,0.4753188877602005,0.3529342696089566,0.5957294042789261,268.6,0.02417292947722288
185,4,5,2,1,0.5,0.7,0.43806236025263584,0.15234375,0.47496332209077696,0.3527049681776008,0.5957294042789261,268.6,0.02417292947722288
126,4,3,3,1,0.5,0.9,0.4317463438420795,0.1325153374233129,0.5642015190632343,0.39129372476835783,0.5027507867819696,234.6,0.054962090988824874
132,4,3,3,2,0.5,0.9,0.4317463438420795,0.1325153374233129,0.5642015190632343,0.39129372476835783,0.5027507867819696,234.6,0.054962090988824874
136,4,3,4,1,0.5,0.5,0.4256240606787033,0.1278772378516624,0.6096843479460121,0.49063959613226826,0.4447283112683634,459.8,0.05076949696845077
142,4,3,4,2,0.5,0.5,0.4256240606787033,0.1278772378516624,0.6096843479460121,0.49063959613226826,0.4447283112683634,459.8,0.05076949696845077
113,4,3,2,1,0.5,0.7,0.4246504103609182,0.11488250652741515,0.610972128042274,0.4934062745336014,0.4404239933216001,105.8,0.062082445274389456
119,4,3,2,2,0.5,0.7,0.4246504103609182,0.11488250652741515,0.610972128042274,0.4934062745336014,0.4404239933216001,105.8,0.062082445274389456
111,4,3,2,1,0.1,0.9,0.4211792921476789,0.12213740458015267,0.567972580447449,0.39007114336915666,0.4795217376825023,105.8,0.062082445274389456
117,4,3,2,2,0.1,0.9,0.4211792921476789,0.12213740458015267,0.567972580447449,0.39007114336915666,0.4795217376825023,105.8,0.062082445274389456
114,4,3,2,1,0.5,0.9,0.421064011420905,0.12213740458015267,0.5677938494376188,0.38985832663396974,0.4795217376825023,105.8,0.062082445274389456
120,4,3,2,2,0.5,0.9,0.421064011420905,0.12213740458015267,0.5677938494376188,0.38985832663396974,0.4795217376825023,105.8,0.062082445274389456
30,3,3,4,1,0.5,0.9,0.42006030488385815,0.1437371663244353,0.5740088900829777,0.3436990159874333,0.5630849651765547,268.8,0.09697442078859805
36,3,3,4,2,0.5,0.9,0.42006030488385815,0.1437371663244353,0.5740088900829777,0.3436990159874333,0.5630849651765547,268.8,0.09697442078859805
134,4,3,4,1,0.1,0.7,0.41906078852883955,0.11932555123216602,0.6083658007310834,0.4909354412777849,0.4379975695743621,459.8,0.05076949696845077
140,4,3,4,2,0.1,0.7,0.41856868389620533,0.11688311688311688,0.6081846413107935,0.4904562710975702,0.43749631644153003,459.8,0.05076949696845077
169,4,4,4,1,0.1,0.5,0.4182082600631647,0.125,0.5797612530219614,0.40800165607767624,0.45484059928359627,746.4,0.030585290832388777
39,3,4,2,1,0.1,0.9,0.4164477511163941,0.14634146341463414,0.4656402042881437,0.2951021247071849,0.7139590517963125,100.2,0.07088107348946598
42,3,4,2,1,0.5,0.9,0.4164477511163941,0.14634146341463414,0.4656402042881437,0.2951021247071849,0.7139590517963125,100.2,0.07088107348946598
6,3,3,2,1,0.5,0.9,0.41637640022837774,0.13205907906168549,0.5568271191083709,0.34474575854673306,0.5499851724819548,59.0,0.11457386633903885
12,3,3,2,2,0.5,0.9,0.41637640022837774,0.13205907906168549,0.5568271191083709,0.34474575854673306,0.5499851724819548,59.0,0.11457386633903885
45,3,4,2,2,0.1,0.9,0.4160572347811473,0.14488188976377953,0.4654383377409686,0.2948378531581989,0.7132071720970644,100.2,0.07088107348946598
48,3,4,2,2,0.5,0.9,0.4160572347811473,0.14488188976377953,0.4654383377409686,0.2948378531581989,0.7132071720970644,100.2,0.07088107348946598
175,4,4,4,2,0.1,0.5,0.4156027527271326,0.12605042016806722,0.5819121007972324,0.40954782206479,0.44607616950591017,746.4,0.030585290832388777
54,3,4,3,1,0.5,0.9,0.4151984079845151,0.14797507788161993,0.45727942206529903,0.29215783844916704,0.7239604109465982,230.0,0.06323763955009479
51,3,4,3,1,0.1,0.9,0.4151800265970825,0.14797507788161993,0.45774796289528563,0.292223264290296,0.7234591578137662,230.0,0.06323763955009479
63,3,4,4,1,0.1,0.9,0.4151227740366738,0.15168100078186084,0.4529597580792819,0.2906694544416136,0.7329611341787304,470.0,0.05839494176400797
66,3,4,4,1,0.5,0.9,0.414813666495521,0.14992272024729522,0.45092811272808975,0.290305343841169,0.7332117607451465,470.0,0.05839494176400797
60,3,4,3,2,0.5,0.9,0.414427329269582,0.14508580343213728,0.4568756889709489,0.29163806950672944,0.722456651548102,230.0,0.06323763955009479
57,3,4,3,2,0.1,0.9,0.4144089478821492,0.14508580343213728,0.4573442298009355,0.2917034953478584,0.7219553984152699,230.0,0.06323763955009479
69,3,4,4,2,0.1,0.9,0.41406736006001454,0.14733542319749215,0.4524203397746197,0.2899511783168488,0.7309561216474021,470.0,0.05839494176400797
72,3,4,4,2,0.5,0.9,0.41376620986593415,0.14562354763749033,0.45038869442342755,0.28959474413992853,0.731206748213818,470.0,0.05839494176400797
15,3,3,3,1,0.1,0.9,0.4108030213696943,0.13504823151125403,0.5810140902308013,0.34175191323431076,0.536339672085637,132.8,0.10354044540071641
21,3,3,3,2,0.1,0.9,0.4108030213696943,0.13504823151125403,0.5810140902308013,0.34175191323431076,0.536339672085637,132.8,0.10354044540071641
18,3,3,3,1,0.5,0.9,0.410741093864152,0.13504823151125403,0.5808802214222337,0.3416715957464619,0.536339672085637,132.8,0.10354044540071641
24,3,3,3,2,0.5,0.9,0.410741093864152,0.13504823151125403,0.5808802214222337,0.3416715957464619,0.536339672085637,132.8,0.10354044540071641
90,3,5,3,1,0.5,0.9,0.4086743571972076,0.2598267821452365,0.3737144232616298,0.2738385222524557,0.8112781954887218,381.8,0.04121475250848815
96,3,5,3,2,0.5,0.9,0.4082100014352717,0.25750500333555704,0.37344305284100565,0.2735392317063412,0.8102756892230577,381.8,0.04121475250848815
78,3,5,2,1,0.5,0.9,0.4078490341875692,0.25883922615076715,0.37431253208784576,0.2734957724009406,0.8072681704260651,162.4,0.04762530425391359
84,3,5,2,2,0.5,0.9,0.4076165694647589,0.2576769025367156,0.37417684687753366,0.2733458840727083,0.806766917293233,162.4,0.04762530425391359
205,4,5,4,1,0.1,0.5,0.40621229002568626,0.14912280701754385,0.5079986433406958,0.359050841957713,0.5038307515541375,1120.4,0.019225564730658975
102,3,5,4,1,0.5,0.9,0.4052215719162125,0.26081170991350633,0.37050963800544956,0.2717238777196776,0.8035854561777578,775.6,0.03762225231087829
211,4,5,4,2,0.1,0.5,0.4048060750975785,0.14601769911504425,0.5107670890285732,0.3595807251536562,0.4985862971345064,1120.4,0.019225564730658975
87,3,5,3,1,0.1,0.9,0.40466488463095285,0.2598267821452365,0.3713717191116967,0.2715553630732687,0.800332921856881,381.8,0.04121475250848815
108,3,5,4,2,0.5,0.9,0.40452589660017796,0.25733333333333336,0.3701025823745133,0.27127566858173974,0.8020816967792616,775.6,0.03762225231087829
93,3,5,3,2,0.1,0.9,0.4042005288690169,0.25750500333555704,0.37110034869107256,0.2712560725271542,0.7993304155912169,381.8,0.04121475250848815
75,3,5,2,1,0.1,0.9,0.4033074727861313,0.25883922615076715,0.3718359591293451,0.270951594807836,0.794581603261886,162.4,0.04762530425391359
81,3,5,2,2,0.1,0.9,0.4030750080633211,0.2576769025367156,0.37170027391903304,0.2708017064796037,0.794080350129054,162.4,0.04762530425391359
122,4,3,3,1,0.1,0.7,0.4009923524237314,0.11451398135818908,0.6101722966113475,0.48948628055683774,0.40599786864339543,234.6,0.054962090988824874
128,4,3,3,2,0.1,0.7,0.40048773738114923,0.112,0.6099911371910577,0.4889827764210958,0.4054966155105634,234.6,0.054962090988824874
3,3,3,2,1,0.1,0.9,0.3977174856327571,0.1271282633371169,0.5896438677855764,0.3389054661277525,0.501363618597243,59.0,0.11457386633903885
9,3,3,2,2,0.1,0.9,0.3977174856327571,0.1271282633371169,0.5896438677855764,0.3389054661277525,0.501363618597243,59.0,0.11457386633903885
99,3,5,4,1,0.1,0.9,0.3932252093903897,0.1469090909090909,0.3928882438828262,0.266292347757594,0.7559664085587101,775.6,0.03762225231087829
105,3,5,4,2,0.1,0.9,0.39241345538742045,0.14285714285714285,0.39248118825189005,0.2657382487042604,0.754462649160214,775.6,0.03762225231087829
124,4,3,3,1,0.5,0.5,0.3914481139735645,0.11320754716981132,0.6070887541246208,0.48083556702252855,0.3929858796692106,234.6,0.054962090988824874
130,4,3,3,2,0.5,0.5,0.3914481139735645,0.11320754716981132,0.6070887541246208,0.48083556702252855,0.3929858796692106,234.6,0.054962090988824874
246,5,3,4,1,0.5,0.9,0.38311131084017414,0.0,0.5050876981059647,0.32566837797584003,0.47668603903445117,733.2,0.02444522973047652
252,5,3,4,2,0.5,0.9,0.38311131084017414,0.0,0.5050876981059647,0.32566837797584003,0.47668603903445117,733.2,0.02444522973047652
157,4,4,3,1,0.1,0.5,0.3829639753152295,0.0911854103343465,0.5887446820194197,0.4010301158656729,0.39388928083785596,385.2,0.033551219709951556
163,4,4,3,2,0.1,0.5,0.38145647221935347,0.0916030534351145,0.5899092372146273,0.4016379441939845,0.38937800264236727,385.2,0.033551219709951556
193,4,5,3,1,0.1,0.5,0.38129961973216275,0.14018691588785046,0.5260627223652927,0.3617917908695713,0.4445770883082945,586.0,0.021220055304000222
110,4,3,2,1,0.1,0.7,0.3807063525555327,0.10626702997275204,0.6091124548438632,0.4824960299519712,0.3747051217577572,105.8,0.062082445274389456
116,4,3,2,2,0.1,0.7,0.3807063525555327,0.10626702997275204,0.6091124548438632,0.4824960299519712,0.3747051217577572,105.8,0.062082445274389456
199,4,5,3,2,0.1,0.5,0.38028837006127303,0.136310223266745,0.5275789868639134,0.3621345609199994,0.4413264243349282,586.0,0.021220055304000222
27,3,3,4,1,0.1,0.9,0.3775225026405652,0.1437371663244353,0.5749465072181852,0.38888968028075543,0.47580316966533276,268.8,0.09697442078859805
33,3,3,4,2,0.1,0.9,0.3775225026405652,0.1437371663244353,0.5749465072181852,0.38888968028075543,0.47580316966533276,268.8,0.09697442078859805
231,5,3,3,1,0.1,0.9,0.3757221559811065,0.0,0.565334977110676,0.32938750699449926,0.4508221081481379,400.6,0.026902883613779915
237,5,3,3,2,0.1,0.9,0.3757221559811065,0.0,0.565334977110676,0.32938750699449926,0.4508221081481379,400.6,0.026902883613779915
29,3,3,4,1,0.5,0.7,0.37439306597789274,0.1423948220064725,0.605720498791276,0.40321912532425686,0.4438415146811085,268.8,0.09697442078859805
35,3,3,4,2,0.5,0.7,0.37439306597789274,0.1423948220064725,0.605720498791276,0.40321912532425686,0.4438415146811085,268.8,0.09697442078859805
219,5,3,2,1,0.1,0.9,0.37034309278919164,0.0,0.5719272067088004,0.33085839470708067,0.4354467264393464,191.6,0.030705287401412772
225,5,3,2,2,0.1,0.9,0.37034309278919164,0.0,0.5719272067088004,0.33085839470708067,0.4354467264393464,191.6,0.030705287401412772
234,5,3,3,1,0.5,0.9,0.36927619523360783,0.0,0.4756672396242073,0.3031319426711809,0.4782245389993104,400.6,0.026902883613779915
240,5,3,3,2,0.5,0.9,0.36927619523360783,0.0,0.4756672396242073,0.3031319426711809,0.4782245389993104,400.6,0.026902883613779915
222,5,3,2,1,0.5,0.9,0.3649229480379434,0.0,0.47765444896173204,0.3017288806828564,0.46728294760978073,191.6,0.030705287401412772
228,5,3,2,2,0.5,0.9,0.3649229480379434,0.0,0.47765444896173204,0.3017288806828564,0.46728294760978073,191.6,0.030705287401412772
181,4,5,2,1,0.1,0.5,0.36169008260796864,0.12944162436548223,0.5476522269060118,0.3660334212340154,0.3970927523520903,268.6,0.02417292947722288
187,4,5,2,2,0.1,0.5,0.3611378233808157,0.12738853503184713,0.5485445631903522,0.36652725166571104,0.3950896101682725,268.6,0.02417292947722288
112,4,3,2,1,0.5,0.5,0.36099893761659574,0.10057471264367816,0.6094779128952804,0.4792761407742959,0.3429703338630941,105.8,0.062082445274389456
118,4,3,2,2,0.5,0.5,0.36099893761659574,0.10057471264367816,0.6094779128952804,0.4792761407742959,0.3429703338630941,105.8,0.062082445274389456
17,3,3,3,1,0.5,0.7,0.36080733495327166,0.13137032842582105,0.6114013069420474,0.4019701588163599,0.41158614051039305,132.8,0.10354044540071641
23,3,3,3,2,0.5,0.7,0.36080733495327166,0.13137032842582105,0.6114013069420474,0.4019701588163599,0.41158614051039305,132.8,0.10354044540071641
243,5,3,4,1,0.1,0.9,0.3569212902967587,0.0,0.542469493742108,0.31490172348150536,0.41717222874009974,733.2,0.02444522973047652
244,5,3,4,1,0.5,0.5,0.3569212902967587,0.0,0.542469493742108,0.31490172348150536,0.41717222874009974,733.2,0.02444522973047652
245,5,3,4,1,0.5,0.7,0.3569212902967587,0.0,0.542469493742108,0.31490172348150536,0.41717222874009974,733.2,0.02444522973047652
249,5,3,4,2,0.1,0.9,0.3569212902967587,0.0,0.542469493742108,0.31490172348150536,0.41717222874009974,733.2,0.02444522973047652
250,5,3,4,2,0.5,0.5,0.3569212902967587,0.0,0.542469493742108,0.31490172348150536,0.41717222874009974,733.2,0.02444522973047652
251,5,3,4,2,0.5,0.7,0.3569212902967587,0.0,0.542469493742108,0.31490172348150536,0.41717222874009974,733.2,0.02444522973047652
101,3,5,4,1,0.5,0.7,0.3559617242959846,0.1484375,0.42915357725315123,0.2562918223884201,0.5981152167648809,775.6,0.03762225231087829
107,3,5,4,2,0.5,0.7,0.3552106067061565,0.14408770555990602,0.42894732483506637,0.2558145130474794,0.5966114573663847,775.6,0.03762225231087829
65,3,4,4,1,0.5,0.7,0.35209661149299853,0.09622641509433963,0.47866672234497,0.26561542831166063,0.5420599177252321,470.0,0.05839494176400797
133,4,3,4,1,0.1,0.5,0.35157958080127505,0.09696969696969697,0.6246850371009678,0.49613181552905755,0.32247637182060745,459.8,0.05076949696845077
89,3,5,3,1,0.5,0.7,0.35136937578862015,0.14446227929373998,0.44134878046744797,0.2565476088130584,0.5736398865552611,381.8,0.04121475250848815
95,3,5,3,2,0.5,0.7,0.35085288373965506,0.1414790996784566,0.4412112788553915,0.2562174239967751,0.572637380289597,381.8,0.04121475250848815
71,3,4,4,2,0.5,0.7,0.35044194514740834,0.09082308420056764,0.47865600166779104,0.2645556342458041,0.5380498926625754,470.0,0.05839494176400797
139,4,3,4,2,0.1,0.5,0.35038605944234297,0.0882800608828006,0.6249373148082681,0.49496151240910696,0.3209726124221112,459.8,0.05076949696845077
248,5,3,4,2,0.1,0.7,0.3500224497272925,0.0,0.5439940921639439,0.3126000674904583,0.4026545437022637,733.2,0.02444522973047652
242,5,3,4,1,0.1,0.7,0.34989718940959236,0.0,0.5437670774079847,0.3123855024212229,0.4026545437022637,733.2,0.02444522973047652
233,5,3,3,1,0.5,0.7,0.3488877901096521,0.0,0.5466195839766782,0.31445084198523404,0.3967435582991953,400.6,0.026902883613779915
239,5,3,3,2,0.5,0.7,0.3488877901096521,0.0,0.5466195839766782,0.31445084198523404,0.3967435582991953,400.6,0.026902883613779915
232,5,3,3,1,0.5,0.5,0.34768976242554206,0.0,0.5471732938327137,0.3144676400809839,0.39356698142506347,400.6,0.026902883613779915
238,5,3,3,2,0.5,0.5,0.34768976242554206,0.0,0.5471732938327137,0.3144676400809839,0.39356698142506347,400.6,0.026902883613779915
77,3,5,2,1,0.5,0.7,0.34433137009561826,0.1362862010221465,0.46080720812044723,0.25684476830394587,0.5386569440312734,162.4,0.04762530425391359
83,3,5,2,2,0.5,0.7,0.3440534991509267,0.13469735720375106,0.460738457314419,0.25666227020700816,0.5381556908984413,162.4,0.04762530425391359
145,4,4,2,1,0.1,0.5,0.3437201820487535,0.11075949367088607,0.5925078274363302,0.3978071465683049,0.3271635979441289,173.0,0.038535113877933784
151,4,4,2,2,0.1,0.5,0.34348792199068434,0.11075949367088607,0.5930404937954583,0.39814368523082244,0.3261610916784648,173.0,0.038535113877933784
26,3,3,4,1,0.1,0.7,0.34123679131483364,0.12380952380952381,0.6289811308164495,0.4140578358640757,0.3686642864279096,268.8,0.09697442078859805
32,3,3,4,2,0.1,0.7,0.34048655842921055,0.12380952380952381,0.6292458561639014,0.41380483138430124,0.3664086473301652,268.8,0.09697442078859805
221,5,3,2,1,0.5,0.7,0.33934621060067915,0.0,0.5509969741506608,0.3137453460360504,0.3741174213033947,191.6,0.030705287401412772
227,5,3,2,2,0.5,0.7,0.33934621060067915,0.0,0.5509969741506608,0.3137453460360504,0.3741174213033947,191.6,0.030705287401412772
230,5,3,3,1,0.1,0.7,0.33700996625431207,0.0,0.547038803934367,0.3103707881969261,0.37328390635238884,400.6,0.026902883613779915
236,5,3,3,2,0.1,0.7,0.33700996625431207,0.0,0.547038803934367,0.3103707881969261,0.37328390635238884,400.6,0.026902883613779915
5,3,3,2,1,0.5,0.7,0.3366343146895642,0.11764705882352941,0.6241624562182115,0.4000713071214529,0.3686150463813533,59.0,0.11457386633903885
11,3,3,2,2,0.5,0.7,0.3366343146895642,0.11764705882352941,0.6241624562182115,0.4000713071214529,0.3686150463813533,59.0,0.11457386633903885
220,5,3,2,1,0.5,0.5,0.33507849586949223,0.0,0.5517594816490607,0.31255471377822797,0.3653352709099339,191.6,0.030705287401412772
226,5,3,2,2,0.5,0.5,0.33507849586949223,0.0,0.5517594816490607,0.31255471377822797,0.3653352709099339,191.6,0.030705287401412772
53,3,4,3,1,0.5,0.7,0.33212969274130366,0.0882051282051282,0.49681668999841316,0.25891330449599276,0.48460245507131433,230.0,0.06323763955009479
59,3,4,3,2,0.5,0.7,0.3310127759914211,0.0842754367934224,0.49641220383664225,0.25806003623088697,0.4828480691064021,230.0,0.06323763955009479
218,5,3,2,1,0.1,0.7,0.32760837411507354,0.0,0.5532229745797395,0.3116703820520029,0.3497001297976975,191.6,0.030705287401412772
224,5,3,2,2,0.1,0.7,0.32760837411507354,0.0,0.5532229745797395,0.3116703820520029,0.3497001297976975,191.6,0.030705287401412772
121,4,3,3,1,0.1,0.5,0.3258396672654655,0.08945686900958466,0.6232467705208786,0.48631171050003363,0.28775712031036016,234.6,0.054962090988824874
41,3,4,2,1,0.5,0.7,0.32566956567582583,0.08351648351648351,0.521726061690997,0.2644978616945198,0.44612759240193006,100.2,0.07088107348946598
47,3,4,2,2,0.5,0.7,0.32497892050332244,0.0814081408140814,0.5214572607395381,0.26395155349739496,0.44512508613626595,100.2,0.07088107348946598
127,4,3,3,2,0.1,0.5,0.32496735701381624,0.08333333333333333,0.6234149556590787,0.4853280438436042,0.286754614044696,234.6,0.054962090988824874
62,3,4,4,1,0.1,0.7,0.3167277564335217,0.08496732026143791,0.5224955680279485,0.25978196517371904,0.42841854981742894,470.0,0.05839494176400797
68,3,4,4,2,0.1,0.7,0.31492524990440074,0.07886089813800658,0.5230224492536872,0.2585942834110674,0.4244085247547723,470.0,0.05839494176400797
14,3,3,3,1,0.1,0.7,0.3145334752383918,0.12004801920768307,0.6248889047835462,0.4042288094658663,0.3298708816556969,132.8,0.10354044540071641
20,3,3,3,2,0.1,0.7,0.3145334752383918,0.12004801920768307,0.6248889047835462,0.4042288094658663,0.3298708816556969,132.8,0.10354044540071641
28,3,3,4,1,0.5,0.5,0.31268703087671734,0.11315789473684211,0.64877532330788,0.4213345091669072,0.3262268989927456,268.8,0.09697442078859805
34,3,3,4,2,0.5,0.5,0.3125745929797067,0.11315789473684211,0.648907685981606,0.4213537364404855,0.3257256458599135,268.8,0.09697442078859805
100,3,5,4,1,0.5,0.5,0.3104341083181713,0.1468721668177697,0.46424784677624437,0.23411611750450292,0.4870953297935724,775.6,0.03762225231087829
106,3,5,4,2,0.5,0.5,0.3101225732297114,0.14233576642335766,0.46618752342420444,0.2342308028513252,0.48509031726224405,775.6,0.03762225231087829
50,3,4,3,1,0.1,0.7,0.3097182969887491,0.08390022675736962,0.5396734466442729,0.2622844196981807,0.3978721462158392,230.0,0.06323763955009479
56,3,4,3,2,0.1,0.7,0.30857832949684993,0.07963594994311718,0.5396708771751075,0.26140163934093785,0.39611776025092693,230.0,0.06323763955009479
98,3,5,4,1,0.1,0.7,0.30813990745908415,0.15026833631484796,0.464720612754317,0.23390561181780875,0.47914447319773357,775.6,0.03762225231087829
104,3,5,4,2,0.1,0.7,0.3077636198903415,0.14555256064690028,0.4659178086825011,0.2338558998401667,0.4776407137992374,775.6,0.03762225231087829
64,3,4,4,1,0.5,0.5,0.30717255664326915,0.08390022675736962,0.5294558749651742,0.25569631897844985,0.41173211623617423,470.0,0.05839494176400797
70,3,4,4,2,0.5,0.5,0.30541721596167853,0.07771428571428571,0.5309905601921103,0.2547125182607479,0.40722083804068554,470.0,0.05839494176400797
2,3,3,2,1,0.1,0.7,0.30523219979355787,0.111254851228978,0.6334894758535228,0.3998404452737372,0.3176363835482927,59.0,0.11457386633903885
8,3,3,2,2,0.1,0.7,0.30523219979355787,0.111254851228978,0.6334894758535228,0.3998404452737372,0.3176363835482927,59.0,0.11457386633903885
241,5,3,4,1,0.1,0.5,0.30445358097370095,0.0,0.545884039241623,0.29567848840692684,0.3171828769676621,733.2,0.02444522973047652
38,3,4,2,1,0.1,0.7,0.3028636646050552,0.07755581668625147,0.5450002670747687,0.26099801604483,0.3819056844851549,100.2,0.07088107348946598
247,5,3,4,2,0.1,0.5,0.3027797987638635,0.0,0.5470160896382407,0.29559335171495893,0.31407339903974724,733.2,0.02444522973047652
44,3,4,2,2,0.1,0.7,0.3021620667223054,0.07538280329799764,0.5449333326704849,0.2604377517849735,0.3809031782194907,100.2,0.07088107348946598
109,4,3,2,1,0.1,0.5,0.2988214437935447,0.0817717206132879,0.6273890414200389,0.49122410498959423,0.25354975166355986,105.8,0.062082445274389456
86,3,5,3,1,0.1,0.7,0.29864423882084995,0.14325581395348838,0.4780284927668184,0.23046922486224392,0.45088484694820385,381.8,0.04121475250848815
115,4,3,2,2,0.1,0.5,0.29841923500367695,0.07849829351535836,0.6275615513189357,0.4907498556486061,0.25304849853072775,105.8,0.062082445274389456
92,3,5,3,2,0.1,0.7,0.2982647253985186,0.13979496738117428,0.4784898530483986,0.2303146841592425,0.44988234068253974,381.8,0.04121475250848815
229,5,3,3,1,0.1,0.5,0.2972570489649543,0.0,0.5583089267283091,0.3011857592775732,0.29640721453754054,400.6,0.026902883613779915
16,3,3,3,1,0.5,0.5,0.2958631668334474,0.10130246020260492,0.6607456541123482,0.4227123475295521,0.29118723503215926,132.8,0.10354044540071641
22,3,3,3,2,0.5,0.5,0.2957895562125314,0.10130246020260492,0.6608118354492112,0.42272072232179686,0.2909366084657432,132.8,0.10354044540071641
235,5,3,3,2,0.1,0.5,0.2957692601206425,0.0,0.5584270099916272,0.30058118724420635,0.29423231604887795,400.6,0.026902883613779915
88,3,5,3,1,0.5,0.5,0.2947504610500358,0.13452027695351138,0.4887708432600861,0.23032300029983746,0.43912600013451575,381.8,0.04121475250848815
94,3,5,3,2,0.5,0.5,0.2943928259180195,0.13108242303872888,0.4899746842614423,0.23032021857208423,0.43762224073601946,381.8,0.04121475250848815
52,3,4,3,1,0.5,0.5,0.29055815027250675,0.08029197080291971,0.5524130366211392,0.25536668981545496,0.3627615583045155,230.0,0.06323763955009479
58,3,4,3,2,0.5,0.5,0.28937854254827855,0.07598039215686274,0.5534182711531713,0.254617660177861,0.36050591920677116,230.0,0.06323763955009479
74,3,5,2,1,0.1,0.7,0.2871200131379407,0.13712047012732614,0.4842419746232472,0.22500997708250772,0.423635180369131,162.4,0.04762530425391359
80,3,5,2,2,0.1,0.7,0.2868554318174575,0.13529411764705881,0.48430558649094485,0.2248367900486897,0.42313392723629895,162.4,0.04762530425391359
4,3,3,2,1,0.5,0.5,0.27913313309060933,0.09198813056379822,0.6632497554233083,0.41825109196865445,0.2626781482682774,59.0,0.11457386633903885
10,3,3,2,2,0.5,0.5,0.27913313309060933,0.09198813056379822,0.6632497554233083,0.41825109196865445,0.2626781482682774,59.0,0.11457386633903885
76,3,5,2,1,0.5,0.5,0.276920207407952,0.12108559498956159,0.5190835767107911,0.22945353463504942,0.3811933013014167,162.4,0.04762530425391359
82,3,5,2,2,0.5,0.5,0.27654943290842965,0.11912225705329153,0.519348744858761,0.22928407048202967,0.38019079503575254,162.4,0.04762530425391359
40,3,4,2,1,0.5,0.5,0.2748492365882101,0.06821282401091405,0.5810215575778634,0.2566928576506526,0.31976806664743146,100.2,0.07088107348946598
46,3,4,2,2,0.5,0.5,0.27399900363123153,0.06566347469220246,0.5816232141489969,0.25613344761848794,0.31826430724893523,100.2,0.07088107348946598
61,3,4,4,1,0.1,0.5,0.27258869202989394,0.07923497267759563,0.5960688963720553,0.26730963162881227,0.2975253296825643,470.0,0.05839494176400797
67,3,4,4,2,0.1,0.5,0.27015841190105755,0.07172413793103448,0.5981383037658412,0.2660597810321763,0.29251279835424343,470.0,0.05839494176400797
223,5,3,2,2,0.1,0.5,0.2701568402767306,0.0,0.5680864981662087,0.2965810969589304,0.25220581556787364,191.6,0.030705287401412772
217,5,3,2,1,0.1,0.5,0.26993895705420956,0.0,0.5676355192445162,0.2960122117271069,0.25220581556787364,191.6,0.030705287401412772
97,3,5,4,1,0.1,0.5,0.2640696042802284,0.11504424778761062,0.5393991499114816,0.2262269896822407,0.3464641709980837,775.6,0.03762225231087829
103,3,5,4,2,0.1,0.5,0.2614377207160268,0.11538461538461539,0.5428798891219329,0.2257658030731935,0.33820471639141775,775.6,0.03762225231087829
49,3,4,3,1,0.1,0.5,0.2599708461714136,0.0694645441389291,0.607801673179128,0.2686622912184663,0.2725257191439536,230.0,0.06323763955009479
55,3,4,3,2,0.1,0.5,0.2585086993285505,0.06423357664233577,0.6088069077111602,0.2676479619089415,0.2702700800462092,230.0,0.06323763955009479
25,3,3,4,1,0.1,0.5,0.25627393752361505,0.09953343701399689,0.671383733560027,0.42270000092318705,0.22747015303174,268.8,0.09697442078859805
31,3,3,4,2,0.1,0.5,0.25367420246457817,0.09953343701399689,0.6723132845457923,0.42216504928132037,0.22195636857058715,268.8,0.09697442078859805
13,3,3,3,1,0.1,0.5,0.2519309134644062,0.0896,0.6736800362105638,0.42396277521611647,0.2181769886061788,132.8,0.10354044540071641
19,3,3,3,2,0.1,0.5,0.25104247613410974,0.0896,0.6742109930403094,0.4239225342441245,0.21617197607485047,132.8,0.10354044540071641
1,3,3,2,1,0.1,0.5,0.2501562701500081,0.08791208791208792,0.6737319540710882,0.4245564919383595,0.211654466497132,59.0,0.11457386633903885
7,3,3,2,2,0.1,0.5,0.25002473874808834,0.08791208791208792,0.6737981354079512,0.42452686447193433,0.21140383993071596,59.0,0.11457386633903885
37,3,4,2,1,0.1,0.5,0.2483073957286143,0.07007299270072993,0.6106506398517972,0.25875466006019343,0.24998803164161565,100.2,0.07088107348946598
85,3,5,3,1,0.1,0.5,0.24809426510836952,0.11483253588516747,0.558222984429113,0.2252911452599749,0.30418062314382,381.8,0.04121475250848815
43,3,4,2,2,0.1,0.5,0.24733585973202135,0.06734992679355783,0.6112522964229308,0.2581339541967057,0.24848427224311945,100.2,0.07088107348946598
91,3,5,3,2,0.1,0.5,0.24652202977739632,0.11501597444089456,0.5606330183088042,0.22525795352467587,0.2989193355965937,381.8,0.04121475250848815
73,3,5,2,1,0.1,0.5,0.24499124878700798,0.11913814955640051,0.5743707855232743,0.23313131282390032,0.2854210189559953,162.4,0.04762530425391359
79,3,5,2,2,0.1,0.5,0.2442324089368085,0.116751269035533,0.5753686219147134,0.23304763867409645,0.2829147532918349,162.4,0.04762530425391359
