dataset,order,smoothing_alpha,anomaly_threshold,accuracy_mean,accuracy_std,precision_mean,precision_std,recall_mean,recall_std,f1_score_mean,f1_score_std,transition_density_mean,num_states_mean,num_transitions_mean
BATADAL,2,0.5,0.08,0.20487804878048782,0.0,0.041176470588235294,0.0,1.0,0.0,0.07909604519774012,0.0,0.02516722408026756,184.0,301.0
BATADAL,2,1.0,0.05,0.20487804878048782,0.0,0.041176470588235294,0.0,1.0,0.0,0.07909604519774012,0.0,0.02516722408026756,184.0,301.0
BATADAL,3,0.5,0.08,0.17073170731707318,0.0,0.03954802259887006,0.0,1.0,0.0,0.07608695652173914,0.0,0.023245060949978982,366.0,553.0
BATADAL,3,1.0,0.05,0.17073170731707318,0.0,0.03954802259887006,0.0,1.0,0.0,0.07608695652173914,0.0,0.023245060949978982,366.0,553.0
BATADAL,2,1.0,0.06,0.16097560975609757,0.0,0.03910614525139665,0.0,1.0,0.0,0.07526881720430108,0.0,0.02516722408026756,184.0,301.0
BATADAL,2,1.0,0.07,0.14634146341463414,0.0,0.038461538461538464,0.0,1.0,0.0,0.07407407407407407,0.0,0.02516722408026756,184.0,301.0
BATADAL,4,0.5,0.08,0.14634146341463414,0.0,0.038461538461538464,0.0,1.0,0.0,0.07407407407407407,0.0,0.021832213094349018,618.0,877.0
BATADAL,4,1.0,0.05,0.14634146341463414,0.0,0.038461538461538464,0.0,1.0,0.0,0.07407407407407407,0.0,0.021832213094349018,618.0,877.0
BATADAL,3,1.0,0.06,0.13170731707317074,0.0,0.03783783783783784,0.0,1.0,0.0,0.07291666666666667,0.0,0.023245060949978982,366.0,553.0
BATADAL,4,1.0,0.06,0.12195121951219512,0.0,0.0374331550802139,0.0,1.0,0.0,0.07216494845360824,0.0,0.021832213094349018,618.0,877.0
BATADAL,3,1.0,0.07,0.11707317073170734,0.0,0.03723404255319149,0.0,1.0,0.0,0.07179487179487179,0.0,0.023245060949978982,366.0,553.0
BATADAL,2,1.0,0.08,0.10243902439024391,0.0,0.03664921465968586,0.0,1.0,0.0,0.0707070707070707,0.0,0.02516722408026756,184.0,301.0
BATADAL,4,1.0,0.07,0.10243902439024391,0.0,0.03664921465968586,0.0,1.0,0.0,0.0707070707070707,0.0,0.021832213094349018,618.0,877.0
BATADAL,3,1.0,0.08,0.08292682926829269,0.0,0.035897435897435895,0.0,1.0,0.0,0.06930693069306931,0.0,0.023245060949978982,366.0,553.0
BATADAL,4,1.0,0.08,0.07804878048780488,0.0,0.03571428571428571,0.0,1.0,0.0,0.06896551724137931,0.0,0.021832213094349018,618.0,877.0
BATADAL,3,1.0,0.03,0.46341463414634154,0.0,0.05217391304347826,0.0,0.8571428571428571,0.0,0.09836065573770492,0.0,0.023245060949978982,366.0,553.0
BATADAL,2,1.0,0.03,0.4536585365853659,0.0,0.05128205128205128,0.0,0.8571428571428571,0.0,0.0967741935483871,0.0,0.02516722408026756,184.0,301.0
BATADAL,4,1.0,0.03,0.4536585365853659,0.0,0.05128205128205128,0.0,0.8571428571428571,0.0,0.0967741935483871,0.0,0.021832213094349018,618.0,877.0
BATADAL,2,0.5,0.05,0.32682926829268294,0.0,0.04195804195804196,0.0,0.8571428571428571,0.0,0.08,0.0,0.02516722408026756,184.0,301.0
BATADAL,3,0.5,0.05,0.28780487804878047,0.0,0.039735099337748346,0.0,0.8571428571428571,0.0,0.0759493670886076,0.0,0.023245060949978982,366.0,553.0
BATADAL,2,0.5,0.06,0.2780487804878049,0.0,0.0392156862745098,0.0,0.8571428571428571,0.0,0.075,0.0,0.02516722408026756,184.0,301.0
BATADAL,2,1.0,0.04,0.2780487804878049,0.0,0.0392156862745098,0.0,0.8571428571428571,0.0,0.075,0.0,0.02516722408026756,184.0,301.0
BATADAL,2,0.5,0.07,0.2682926829268293,0.0,0.03870967741935484,0.0,0.8571428571428571,0.0,0.07407407407407407,0.0,0.02516722408026756,184.0,301.0
BATADAL,4,0.5,0.05,0.25853658536585367,0.0,0.03821656050955414,0.0,0.8571428571428571,0.0,0.07317073170731707,0.0,0.021832213094349018,618.0,877.0
BATADAL,3,0.5,0.06,0.24878048780487805,0.0,0.03773584905660377,0.0,0.8571428571428571,0.0,0.07228915662650602,0.0,0.023245060949978982,366.0,553.0
BATADAL,3,1.0,0.04,0.24878048780487805,0.0,0.03773584905660377,0.0,0.8571428571428571,0.0,0.07228915662650602,0.0,0.023245060949978982,366.0,553.0
BATADAL,3,0.5,0.07,0.23902439024390243,0.0,0.037267080745341616,0.0,0.8571428571428571,0.0,0.07142857142857142,0.0,0.023245060949978982,366.0,553.0
BATADAL,4,0.5,0.06,0.22926829268292687,0.0,0.03680981595092025,0.0,0.8571428571428571,0.0,0.07058823529411765,0.0,0.021832213094349018,618.0,877.0
BATADAL,4,1.0,0.04,0.22926829268292687,0.0,0.03680981595092025,0.0,0.8571428571428571,0.0,0.07058823529411765,0.0,0.021832213094349018,618.0,877.0
BATADAL,4,0.5,0.07,0.21463414634146344,0.0,0.03614457831325301,0.0,0.8571428571428571,0.0,0.06936416184971098,0.0,0.021832213094349018,618.0,877.0
BATADAL,2,0.01,0.02,0.6195121951219512,0.0,0.06172839506172839,0.0,0.7142857142857143,0.0,0.11363636363636362,0.0,0.02516722408026756,184.0,301.0
BATADAL,2,0.01,0.03,0.6195121951219512,0.0,0.06172839506172839,0.0,0.7142857142857143,0.0,0.11363636363636362,0.0,0.02516722408026756,184.0,301.0
BATADAL,2,0.01,0.04,0.6195121951219512,0.0,0.06172839506172839,0.0,0.7142857142857143,0.0,0.11363636363636362,0.0,0.02516722408026756,184.0,301.0
BATADAL,2,0.01,0.05,0.6195121951219512,0.0,0.06172839506172839,0.0,0.7142857142857143,0.0,0.11363636363636362,0.0,0.02516722408026756,184.0,301.0
BATADAL,2,0.01,0.06,0.6195121951219512,0.0,0.06172839506172839,0.0,0.7142857142857143,0.0,0.11363636363636362,0.0,0.02516722408026756,184.0,301.0
BATADAL,2,0.01,0.07,0.6195121951219512,0.0,0.06172839506172839,0.0,0.7142857142857143,0.0,0.11363636363636362,0.0,0.02516722408026756,184.0,301.0
BATADAL,2,0.1,0.02,0.6195121951219512,0.0,0.06172839506172839,0.0,0.7142857142857143,0.0,0.11363636363636362,0.0,0.02516722408026756,184.0,301.0
BATADAL,2,0.1,0.03,0.6195121951219512,0.0,0.06172839506172839,0.0,0.7142857142857143,0.0,0.11363636363636362,0.0,0.02516722408026756,184.0,301.0
BATADAL,2,0.1,0.04,0.6195121951219512,0.0,0.06172839506172839,0.0,0.7142857142857143,0.0,0.11363636363636362,0.0,0.02516722408026756,184.0,301.0
BATADAL,2,0.1,0.05,0.6195121951219512,0.0,0.06172839506172839,0.0,0.7142857142857143,0.0,0.11363636363636362,0.0,0.02516722408026756,184.0,301.0
BATADAL,2,0.5,0.02,0.6195121951219512,0.0,0.06172839506172839,0.0,0.7142857142857143,0.0,0.11363636363636362,0.0,0.02516722408026756,184.0,301.0
BATADAL,2,0.5,0.03,0.6195121951219512,0.0,0.06172839506172839,0.0,0.7142857142857143,0.0,0.11363636363636362,0.0,0.02516722408026756,184.0,301.0
BATADAL,2,1.0,0.02,0.6195121951219512,0.0,0.06172839506172839,0.0,0.7142857142857143,0.0,0.11363636363636362,0.0,0.02516722408026756,184.0,301.0
BATADAL,2,0.01,0.08,0.6146341463414634,0.0,0.06097560975609756,0.0,0.7142857142857143,0.0,0.11235955056179776,0.0,0.02516722408026756,184.0,301.0
BATADAL,2,0.1,0.06,0.6146341463414634,0.0,0.06097560975609756,0.0,0.7142857142857143,0.0,0.11235955056179776,0.0,0.02516722408026756,184.0,301.0
BATADAL,2,0.1,0.07,0.6146341463414634,0.0,0.06097560975609756,0.0,0.7142857142857143,0.0,0.11235955056179776,0.0,0.02516722408026756,184.0,301.0
BATADAL,2,0.1,0.08,0.6146341463414634,0.0,0.06097560975609756,0.0,0.7142857142857143,0.0,0.11235955056179776,0.0,0.02516722408026756,184.0,301.0
BATADAL,2,0.5,0.04,0.6146341463414634,0.0,0.06097560975609756,0.0,0.7142857142857143,0.0,0.11235955056179776,0.0,0.02516722408026756,184.0,301.0
BATADAL,3,0.01,0.02,0.6146341463414634,0.0,0.06097560975609756,0.0,0.7142857142857143,0.0,0.11235955056179776,0.0,0.023245060949978982,366.0,553.0
BATADAL,3,0.01,0.03,0.6146341463414634,0.0,0.06097560975609756,0.0,0.7142857142857143,0.0,0.11235955056179776,0.0,0.023245060949978982,366.0,553.0
BATADAL,3,0.01,0.04,0.6146341463414634,0.0,0.06097560975609756,0.0,0.7142857142857143,0.0,0.11235955056179776,0.0,0.023245060949978982,366.0,553.0
BATADAL,3,0.01,0.05,0.6146341463414634,0.0,0.06097560975609756,0.0,0.7142857142857143,0.0,0.11235955056179776,0.0,0.023245060949978982,366.0,553.0
BATADAL,3,0.01,0.06,0.6146341463414634,0.0,0.06097560975609756,0.0,0.7142857142857143,0.0,0.11235955056179776,0.0,0.023245060949978982,366.0,553.0
BATADAL,3,0.01,0.07,0.6146341463414634,0.0,0.06097560975609756,0.0,0.7142857142857143,0.0,0.11235955056179776,0.0,0.023245060949978982,366.0,553.0
BATADAL,3,0.01,0.08,0.6146341463414634,0.0,0.06097560975609756,0.0,0.7142857142857143,0.0,0.11235955056179776,0.0,0.023245060949978982,366.0,553.0
BATADAL,3,0.1,0.02,0.6146341463414634,0.0,0.06097560975609756,0.0,0.7142857142857143,0.0,0.11235955056179776,0.0,0.023245060949978982,366.0,553.0
BATADAL,3,0.1,0.03,0.6146341463414634,0.0,0.06097560975609756,0.0,0.7142857142857143,0.0,0.11235955056179776,0.0,0.023245060949978982,366.0,553.0
BATADAL,3,0.1,0.04,0.6146341463414634,0.0,0.06097560975609756,0.0,0.7142857142857143,0.0,0.11235955056179776,0.0,0.023245060949978982,366.0,553.0
BATADAL,3,0.1,0.05,0.6146341463414634,0.0,0.06097560975609756,0.0,0.7142857142857143,0.0,0.11235955056179776,0.0,0.023245060949978982,366.0,553.0
BATADAL,3,0.1,0.06,0.6146341463414634,0.0,0.06097560975609756,0.0,0.7142857142857143,0.0,0.11235955056179776,0.0,0.023245060949978982,366.0,553.0
BATADAL,3,0.1,0.07,0.6146341463414634,0.0,0.06097560975609756,0.0,0.7142857142857143,0.0,0.11235955056179776,0.0,0.023245060949978982,366.0,553.0
BATADAL,3,0.1,0.08,0.6146341463414634,0.0,0.06097560975609756,0.0,0.7142857142857143,0.0,0.11235955056179776,0.0,0.023245060949978982,366.0,553.0
BATADAL,3,0.5,0.02,0.6146341463414634,0.0,0.06097560975609756,0.0,0.7142857142857143,0.0,0.11235955056179776,0.0,0.023245060949978982,366.0,553.0
BATADAL,3,0.5,0.03,0.6146341463414634,0.0,0.06097560975609756,0.0,0.7142857142857143,0.0,0.11235955056179776,0.0,0.023245060949978982,366.0,553.0
BATADAL,3,0.5,0.04,0.6146341463414634,0.0,0.06097560975609756,0.0,0.7142857142857143,0.0,0.11235955056179776,0.0,0.023245060949978982,366.0,553.0
BATADAL,3,1.0,0.02,0.6146341463414634,0.0,0.06097560975609756,0.0,0.7142857142857143,0.0,0.11235955056179776,0.0,0.023245060949978982,366.0,553.0
BATADAL,4,0.01,0.02,0.6097560975609756,0.0,0.06024096385542168,0.0,0.7142857142857143,0.0,0.11111111111111112,0.0,0.021832213094349018,618.0,877.0
BATADAL,4,0.01,0.03,0.6097560975609756,0.0,0.06024096385542168,0.0,0.7142857142857143,0.0,0.11111111111111112,0.0,0.021832213094349018,618.0,877.0
BATADAL,4,0.01,0.04,0.6097560975609756,0.0,0.06024096385542168,0.0,0.7142857142857143,0.0,0.11111111111111112,0.0,0.021832213094349018,618.0,877.0
BATADAL,4,0.01,0.05,0.6097560975609756,0.0,0.06024096385542168,0.0,0.7142857142857143,0.0,0.11111111111111112,0.0,0.021832213094349018,618.0,877.0
BATADAL,4,0.01,0.06,0.6097560975609756,0.0,0.06024096385542168,0.0,0.7142857142857143,0.0,0.11111111111111112,0.0,0.021832213094349018,618.0,877.0
BATADAL,4,0.01,0.07,0.6097560975609756,0.0,0.06024096385542168,0.0,0.7142857142857143,0.0,0.11111111111111112,0.0,0.021832213094349018,618.0,877.0
BATADAL,4,0.1,0.02,0.6097560975609756,0.0,0.06024096385542168,0.0,0.7142857142857143,0.0,0.11111111111111112,0.0,0.021832213094349018,618.0,877.0
BATADAL,4,0.1,0.03,0.6097560975609756,0.0,0.06024096385542168,0.0,0.7142857142857143,0.0,0.11111111111111112,0.0,0.021832213094349018,618.0,877.0
BATADAL,4,0.1,0.04,0.6097560975609756,0.0,0.06024096385542168,0.0,0.7142857142857143,0.0,0.11111111111111112,0.0,0.021832213094349018,618.0,877.0
BATADAL,4,0.1,0.05,0.6097560975609756,0.0,0.06024096385542168,0.0,0.7142857142857143,0.0,0.11111111111111112,0.0,0.021832213094349018,618.0,877.0
BATADAL,4,0.5,0.02,0.6097560975609756,0.0,0.06024096385542168,0.0,0.7142857142857143,0.0,0.11111111111111112,0.0,0.021832213094349018,618.0,877.0
BATADAL,4,0.5,0.03,0.6097560975609756,0.0,0.06024096385542168,0.0,0.7142857142857143,0.0,0.11111111111111112,0.0,0.021832213094349018,618.0,877.0
BATADAL,4,1.0,0.02,0.6097560975609756,0.0,0.06024096385542168,0.0,0.7142857142857143,0.0,0.11111111111111112,0.0,0.021832213094349018,618.0,877.0
BATADAL,4,0.01,0.08,0.6048780487804878,0.0,0.05952380952380952,0.0,0.7142857142857143,0.0,0.1098901098901099,0.0,0.021832213094349018,618.0,877.0
BATADAL,4,0.1,0.06,0.6048780487804878,0.0,0.05952380952380952,0.0,0.7142857142857143,0.0,0.1098901098901099,0.0,0.021832213094349018,618.0,877.0
BATADAL,4,0.1,0.07,0.6048780487804878,0.0,0.05952380952380952,0.0,0.7142857142857143,0.0,0.1098901098901099,0.0,0.021832213094349018,618.0,877.0
BATADAL,4,0.1,0.08,0.6048780487804878,0.0,0.05952380952380952,0.0,0.7142857142857143,0.0,0.1098901098901099,0.0,0.021832213094349018,618.0,877.0
BATADAL,4,0.5,0.04,0.6048780487804878,0.0,0.05952380952380952,0.0,0.7142857142857143,0.0,0.1098901098901099,0.0,0.021832213094349018,618.0,877.0
SKAB,3,1.0,0.9,0.5415461692082133,0.19104555481081148,0.39379321781458004,0.20271330946418384,0.5481335377749096,0.31458630696753126,0.45074111710348036,0.23514184191424195,0.05091218372849919,233.6,423.2
SKAB,2,1.0,0.9,0.5327681535120776,0.1821614903923799,0.37639190055189437,0.19050171952744288,0.5361284440863576,0.31651091334844755,0.43699853761780444,0.23334129491706324,0.05312948588128903,104.8,198.0
SKAB,4,1.0,0.9,0.5342358745587636,0.18656628940398753,0.38696973298715953,0.19259105318410005,0.5270235177775832,0.3031481789351603,0.4385481593957385,0.22329448669478036,0.04869467174957779,458.8,795.0
SKAB,4,0.5,0.9,0.5630402223848506,0.13972208082927756,0.3929377293811194,0.18431604613421756,0.5225122395820945,0.30845851527304574,0.440613213583842,0.22054091436340112,0.04869467174957779,458.8,795.0
SKAB,3,0.1,0.9,0.6139981412608807,0.13171991908419264,0.5055436265700769,0.21730795493916955,0.5025195026871903,0.3069799957967985,0.4535771804694997,0.2042608274616506,0.05091218372849919,233.6,423.2
SKAB,3,0.5,0.9,0.5662688447337214,0.13818913393576468,0.39194992387555677,0.19121264364164386,0.5025195026871903,0.3069799957967985,0.43208134713616636,0.2239802707775963,0.05091218372849919,233.6,423.2
SKAB,4,0.5,0.7,0.6056443788140681,0.1357193202705556,0.5007854978610667,0.21515180227677766,0.49895334233898664,0.2761119953171867,0.4537322328355469,0.1923001280275682,0.04869467174957779,458.8,795.0
SKAB,4,1.0,0.6,0.6056443788140681,0.1357193202705556,0.5007854978610667,0.21515180227677766,0.49895334233898664,0.2761119953171867,0.4537322328355469,0.1923001280275682,0.04869467174957779,458.8,795.0
SKAB,4,0.1,0.9,0.6054632193937782,0.13605144670297806,0.5007145195253497,0.2152708592440606,0.49895334233898664,0.2761119953171867,0.4536936562538352,0.19236133346086318,0.04869467174957779,458.8,795.0
SKAB,4,0.5,0.8,0.6054632193937782,0.13605144670297806,0.5007145195253497,0.2152708592440606,0.49895334233898664,0.2761119953171867,0.4536936562538352,0.19236133346086318,0.04869467174957779,458.8,795.0
SKAB,4,1.0,0.7,0.6054632193937782,0.13605144670297806,0.5007145195253497,0.2152708592440606,0.49895334233898664,0.2761119953171867,0.4536936562538352,0.19236133346086318,0.04869467174957779,458.8,795.0
SKAB,4,1.0,0.8,0.6054632193937782,0.13605144670297806,0.5007145195253497,0.2152708592440606,0.49895334233898664,0.2761119953171867,0.4536936562538352,0.19236133346086318,0.04869467174957779,458.8,795.0
SKAB,4,1.0,0.5,0.6065327993314973,0.13438911479479923,0.497737349694451,0.21513967745186935,0.4914470454246309,0.28219351094967604,0.4479596325741075,0.19880080314836376,0.04869467174957779,458.8,795.0
SKAB,4,0.1,0.8,0.609031550200534,0.1345722266523515,0.5018383983954098,0.21875481213722361,0.48894698315745067,0.2768593057741035,0.4503060456367853,0.19593868759402405,0.04869467174957779,458.8,795.0
SKAB,4,0.5,0.6,0.6068802475397503,0.13449495674515916,0.4979252063907578,0.2183856324622935,0.48296688981171804,0.2799219594047922,0.4443796205812781,0.19947802211384286,0.04869467174957779,458.8,795.0
SKAB,2,0.1,0.9,0.5696785354524747,0.13648640874595344,0.3904212356920151,0.1994386417730066,0.47903421597877527,0.30571635421549637,0.4212627693643467,0.22778709109029174,0.05312948588128903,104.8,198.0
SKAB,2,0.5,0.9,0.5696785354524747,0.13648640874595344,0.3904212356920151,0.1994386417730066,0.47903421597877527,0.30571635421549637,0.4212627693643467,0.22778709109029174,0.05312948588128903,104.8,198.0
SKAB,4,0.01,0.9,0.607801224705414,0.1305700387884096,0.5011338807557608,0.21890106078552057,0.47896182746664556,0.2690169699423149,0.44492719754529525,0.19124398917531504,0.04869467174957779,458.8,795.0
SKAB,2,0.01,0.9,0.6175932116010397,0.1252912035840057,0.5039957521035625,0.22000338583975035,0.47552544404895064,0.30676986395865835,0.4389764158684508,0.20979193165173526,0.05312948588128903,104.8,198.0
SKAB,3,0.5,0.7,0.6072827489570327,0.13124653566361316,0.4996496374534027,0.21803726512809954,0.4719430615844334,0.2647909185850067,0.4409823419625989,0.19335725970416362,0.05091218372849919,233.6,423.2
SKAB,3,1.0,0.6,0.6072827489570327,0.13124653566361316,0.4996496374534027,0.21803726512809954,0.4719430615844334,0.2647909185850067,0.4409823419625989,0.19335725970416362,0.05091218372849919,233.6,423.2
SKAB,3,0.5,0.8,0.6071015895367429,0.13157671292157344,0.49957772604825385,0.21815841509073175,0.4719430615844334,0.2647909185850067,0.4409455353079557,0.19341522167494393,0.05091218372849919,233.6,423.2
SKAB,3,1.0,0.7,0.6071015895367429,0.13157671292157344,0.49957772604825385,0.21815841509073175,0.4719430615844334,0.2647909185850067,0.4409455353079557,0.19341522167494393,0.05091218372849919,233.6,423.2
SKAB,3,1.0,0.8,0.6071015895367429,0.13157671292157344,0.49957772604825385,0.21815841509073175,0.4719430615844334,0.2647909185850067,0.4409455353079557,0.19341522167494393,0.05091218372849919,233.6,423.2
SKAB,4,1.0,0.4,0.6129780705685814,0.12941228513933917,0.5002283222970515,0.22159557648255235,0.4634704060183958,0.27437318604498145,0.43718876285464914,0.2032265150737577,0.04869467174957779,458.8,795.0
SKAB,3,0.01,0.9,0.6079967362069812,0.13030062123620326,0.4999029064662441,0.22113352009470186,0.4624192520606239,0.2623092386523754,0.43655109509834394,0.19337154486696803,0.05091218372849919,233.6,423.2
SKAB,3,0.1,0.8,0.6119765544026472,0.12174340782605526,0.4999647424629312,0.22234259974623896,0.4579491215103676,0.2649937035800052,0.4340283381326349,0.19472451422435366,0.05091218372849919,233.6,423.2
SKAB,3,1.0,0.5,0.6092342146225053,0.1267173895389617,0.4954788510894846,0.21724490045463463,0.4544578496899188,0.2679717554127413,0.429879536195859,0.19950053463669232,0.05091218372849919,233.6,423.2
SKAB,3,0.5,0.6,0.6142772372955367,0.12125370035552481,0.49901916835297166,0.2168750608229455,0.44996153427451463,0.26655612124096895,0.42963080890665495,0.1992982875937814,0.05091218372849919,233.6,423.2
SKAB,2,0.5,0.8,0.6085673587304036,0.1258209689067566,0.4972882839924854,0.21985138889302075,0.4394352184850409,0.25061304119039374,0.4243063443707517,0.19373250909600562,0.05312948588128903,104.8,198.0
SKAB,2,1.0,0.7,0.6085673587304036,0.1258209689067566,0.4972882839924854,0.21985138889302075,0.4394352184850409,0.25061304119039374,0.4243063443707517,0.19373250909600562,0.05312948588128903,104.8,198.0
SKAB,2,1.0,0.8,0.6085673587304036,0.1258209689067566,0.4972882839924854,0.21985138889302075,0.4394352184850409,0.25061304119039374,0.4243063443707517,0.19373250909600562,0.05312948588128903,104.8,198.0
SKAB,4,0.5,0.5,0.6087470898286191,0.12519099263763875,0.4931064311115131,0.2162685164975071,0.4354738597713251,0.25826233728268744,0.4196762479788822,0.20000144942802475,0.04869467174957779,458.8,795.0
SKAB,2,1.0,0.6,0.6100142056822627,0.12353341061588985,0.49628028287688186,0.22162288614466163,0.43492394028955217,0.2526071573629623,0.42159385251580767,0.1958263256791541,0.05312948588128903,104.8,198.0
SKAB,2,0.5,0.7,0.6103765245228425,0.12287953520767303,0.49561543770384,0.22275660306614342,0.43392143402388805,0.25390241590346624,0.42074237094821354,0.19715881220050693,0.05312948588128903,104.8,198.0
SKAB,2,0.1,0.8,0.6098403314933518,0.12286414465718642,0.49475990905170114,0.22289826868706028,0.4314151683597276,0.25341578762553724,0.4190961244743809,0.19672593994496165,0.05312948588128903,104.8,198.0
SKAB,4,0.1,0.7,0.6073430992637497,0.12115562049502665,0.4896188677941762,0.21712165776021727,0.4289912539565312,0.26251427358329654,0.4127245685432685,0.2010742258433235,0.04869467174957779,458.8,795.0
SKAB,2,1.0,0.5,0.6132158651363482,0.11866168494708167,0.4937584625956765,0.21999702730227066,0.41445865379942204,0.2529055090125615,0.4091031096371898,0.20174469697121175,0.05312948588128903,104.8,198.0
SKAB,2,0.5,0.6,0.6137716035182703,0.11594813429861335,0.4928656836772579,0.21742776984870882,0.4119648882133871,0.25563655801606827,0.40576584987853964,0.20440379226071975,0.05312948588128903,104.8,198.0
SKAB,3,1.0,0.4,0.6097037967461685,0.1162521244994315,0.4870960771137068,0.21434370947872014,0.40397728232070107,0.2480499485608258,0.3993380430617275,0.20322086080901983,0.05091218372849919,233.6,423.2
SKAB,3,0.01,0.8,0.619519409821189,0.11585891517128376,0.5099264156184049,0.2275333103708528,0.3999235163130217,0.22276132712737035,0.4110363383998191,0.18794222769872176,0.05091218372849919,233.6,423.2
SKAB,3,0.1,0.7,0.6093249428136791,0.11581788275017971,0.48860360829281646,0.21453800885540833,0.3984884420453001,0.2455652401636808,0.3962702513954978,0.2007322138151124,0.05091218372849919,233.6,423.2
SKAB,4,0.01,0.8,0.6107599984056954,0.11489595198385652,0.49732698138235704,0.21990220394106988,0.39547836726218344,0.2339862445073559,0.3995485720025003,0.18753470020302343,0.04869467174957779,458.8,795.0
SKAB,4,1.0,0.3,0.605777485368703,0.11913780261766845,0.4839511574575137,0.21244537963015497,0.39496970736664117,0.238271008730204,0.3936733366174016,0.2006422319521689,0.04869467174957779,458.8,795.0
SKAB,2,0.01,0.8,0.6123681457466706,0.11620676648935231,0.4947566141883263,0.22558334281246342,0.38737098450148894,0.21687265016481336,0.40005065689201197,0.18601396820505134,0.05312948588128903,104.8,198.0
SKAB,4,0.5,0.4,0.6032961473643523,0.11682636702590751,0.47689812756987754,0.21184089915621424,0.3849396633355824,0.23838466915319553,0.3851275569950871,0.2002249294617138,0.04869467174957779,458.8,795.0
SKAB,3,0.5,0.5,0.6054441118436512,0.11351941046578573,0.4806745245075314,0.21276207888134885,0.38297455777009054,0.2375174624796543,0.38451846237250037,0.1990700068064695,0.05091218372849919,233.6,423.2
SKAB,2,0.1,0.7,0.6068304484264243,0.11330893367907226,0.4786080697963058,0.21520423062455252,0.3664456858079243,0.2383664598527394,0.3743026956041763,0.20146979640239554,0.05312948588128903,104.8,198.0
SKAB,4,0.1,0.6,0.6110109351141457,0.10389055209802482,0.48031039724777286,0.21330634736627557,0.36247060499352,0.24046306947419077,0.37024523219052946,0.20405018905103453,0.04869467174957779,458.8,795.0
SKAB,2,1.0,0.4,0.6092623387429513,0.09894708201126774,0.48174560306585534,0.21487143682708792,0.3389690588551253,0.21122184636264227,0.35893198263193143,0.18875403303950428,0.05312948588128903,104.8,198.0
SKAB,3,1.0,0.3,0.6100003006656087,0.09616035664070617,0.47719975747697374,0.2073825123758059,0.33748900296298495,0.21391245754752833,0.3569603100326982,0.18938574485601067,0.05091218372849919,233.6,423.2
SKAB,2,0.5,0.5,0.6071183988547803,0.0998453871330617,0.4764915876959082,0.2194774454101412,0.33245276812830826,0.2128624319181694,0.352822183164405,0.19067849924349545,0.05312948588128903,104.8,198.0
SKAB,3,0.5,0.4,0.6108974617548384,0.09454386070891771,0.47676375476375477,0.20791059352600252,0.3284901687351964,0.212593413106844,0.34997903854177564,0.1927226400676587,0.05091218372849919,233.6,423.2
SKAB,4,0.5,0.3,0.6162233884135901,0.09676889258077541,0.4743206405431124,0.20829461012707615,0.32648519351753413,0.22627682082594178,0.3478916830948814,0.2081036141956126,0.04869467174957779,458.8,795.0
SKAB,3,0.1,0.6,0.612321270823361,0.09530169340786271,0.4814394841612094,0.2141975362454925,0.32395642771274785,0.21237001434597566,0.3483777627506656,0.1910475411928087,0.05091218372849919,233.6,423.2
SKAB,4,1.0,0.2,0.6183932768659406,0.09583585672247638,0.47636283905176235,0.21745771195657973,0.3234926375006262,0.229561967775543,0.3458151730237752,0.21160932677748773,0.04869467174957779,458.8,795.0
SKAB,4,0.1,0.5,0.6239223602124127,0.09067627605514722,0.4938781926033361,0.21713811697361532,0.31245506851582,0.212366619690984,0.34500955770484226,0.19946602808944525,0.04869467174957779,458.8,795.0
SKAB,4,0.01,0.7,0.6215646779704176,0.09610861634670415,0.4970816465287807,0.22700529428271463,0.30688135830699687,0.18853546874199115,0.3483478177331596,0.18508043904804908,0.04869467174957779,458.8,795.0
SKAB,2,0.01,0.7,0.6076065920159667,0.10270983331591112,0.4748095443477452,0.22300033198388375,0.3004049932028493,0.186853710018911,0.3363965421237684,0.18385864088659565,0.05312948588128903,104.8,198.0
SKAB,2,0.1,0.6,0.613759504534493,0.0895465054064742,0.4796612130580612,0.22337883578687703,0.2944535847378897,0.19611818075165025,0.3289947176534902,0.18749478239581685,0.05312948588128903,104.8,198.0
SKAB,3,0.01,0.7,0.6143024144544739,0.09276948906831026,0.4784958707134429,0.21551285867313433,0.29337998660999093,0.1825555677816627,0.3330426008415976,0.18244557275925116,0.05091218372849919,233.6,423.2
SKAB,3,0.1,0.5,0.6225722904572123,0.0785097457569748,0.4839305307378705,0.21573068417118207,0.2789758480766624,0.19202943168728914,0.32030901673418805,0.18460622110360264,0.05091218372849919,233.6,423.2
SKAB,2,0.5,0.4,0.6134756495171798,0.07825108352235402,0.47099472858982055,0.21878507051405763,0.272475798122992,0.19207129060647227,0.30829180115886534,0.18481545230909505,0.05312948588128903,104.8,198.0
SKAB,3,0.5,0.3,0.620260528899423,0.07620880879407477,0.47855769230769224,0.21918944190802467,0.26002804308571703,0.19903418702241005,0.29914904815883964,0.1890983391213586,0.05091218372849919,233.6,423.2
SKAB,2,1.0,0.3,0.6129708437228503,0.07230052510795655,0.46491419762336206,0.21595878451407685,0.2535154930539211,0.1882823058686126,0.29090756019374714,0.18139904573013396,0.05312948588128903,104.8,198.0
SKAB,3,1.0,0.2,0.6215392269937481,0.07047291749529287,0.4749882951866536,0.2207280938316661,0.25254043098963397,0.19934213969212858,0.2914160184182302,0.19031586327491967,0.05091218372849919,233.6,423.2
SKAB,3,0.01,0.6,0.6283124971169627,0.07452147513971354,0.48929586710717343,0.21855154324487402,0.2524006913102908,0.16093563657801252,0.30846294252021855,0.17386391314938873,0.05091218372849919,233.6,423.2
SKAB,4,0.5,0.2,0.6282764934808083,0.07565010615241319,0.4972460340411468,0.23171978561487597,0.25199427085971526,0.18758764093012079,0.29991090969008266,0.1901194749821132,0.04869467174957779,458.8,795.0
SKAB,4,0.1,0.4,0.6289862740388146,0.07346530572929032,0.48726764697438246,0.21374912967875995,0.2514955177425083,0.18898925575952877,0.29909763836528713,0.18999595601077224,0.04869467174957779,458.8,795.0
SKAB,4,0.01,0.6,0.6234664640574125,0.07616874966675323,0.4865032432844933,0.22215686694542583,0.2514044257552729,0.15810267665580052,0.3055712672414229,0.1710759730848894,0.04869467174957779,458.8,795.0
SKAB,2,0.01,0.6,0.6274331123610009,0.07019141096458381,0.4865996744954467,0.22077144701259532,0.24790563523111572,0.16095902845413196,0.3025134643519501,0.17371559804663236,0.05312948588128903,104.8,198.0
SKAB,2,0.1,0.5,0.6256376300317872,0.06335554048488469,0.48921916253114434,0.218053965231046,0.24602784364417205,0.17929686074316573,0.29308022272556133,0.1749845548804101,0.05312948588128903,104.8,198.0
SKAB,3,0.1,0.4,0.6333533545709527,0.05533641307627728,0.4953176942267692,0.22021847275088513,0.21154989494803744,0.17046933426119354,0.2650271115999081,0.1738428557993304,0.05091218372849919,233.6,423.2
SKAB,4,0.01,0.5,0.631024781220662,0.06203891400555197,0.4971455812769082,0.2184628382130723,0.21043388983867714,0.13874317686564655,0.27300362609402107,0.15933275023891497,0.04869467174957779,458.8,795.0
SKAB,2,0.01,0.5,0.6286681716283842,0.059570540857245065,0.48891516303887433,0.2205993145797234,0.20447246265438412,0.13882029716951233,0.2655110042038496,0.15627911985638618,0.05312948588128903,104.8,198.0
SKAB,3,0.01,0.5,0.6337074698798565,0.0572806848381382,0.4954205638416165,0.21534058557375305,0.20395498740523846,0.13279155648354252,0.2691049024410055,0.15360959249643563,0.05091218372849919,233.6,423.2
SKAB,2,0.5,0.3,0.6205170280961204,0.0511740347927014,0.4658907221661688,0.22041815680318833,0.2031071462853359,0.1727302620568072,0.2477311939987001,0.16497458563912276,0.05312948588128903,104.8,198.0
SKAB,4,1.0,0.1,0.6283877316007425,0.048855625270773334,0.48212463292944696,0.20782616511574584,0.19710960880072662,0.1701462845294002,0.24533177626889344,0.16983290555256023,0.04869467174957779,458.8,795.0
SKAB,4,0.1,0.3,0.6333718222937652,0.05044682976810161,0.5062344734955159,0.21625462207106325,0.19507215203677114,0.15362992122256244,0.25162388021434573,0.1609804593746745,0.04869467174957779,458.8,795.0
SKAB,3,0.5,0.2,0.6316214704125807,0.04513750439153041,0.4824325130774561,0.221262024030845,0.19058829938582636,0.16549702823270052,0.24131088312774726,0.16764136814271363,0.05091218372849919,233.6,423.2
SKAB,2,1.0,0.2,0.6250395058320382,0.04058698608777232,0.4679352543231258,0.21663059157944867,0.1866456254903832,0.17099935554060788,0.23023124022657052,0.16534035714289527,0.05312948588128903,104.8,198.0
SKAB,2,0.1,0.4,0.6267288928251475,0.05091882073355251,0.48163937725668376,0.22066371271046303,0.183591940360075,0.15404464417883373,0.23654763898070805,0.15698655232867348,0.05312948588128903,104.8,198.0
SKAB,3,0.1,0.3,0.6384144900274866,0.039221620831828626,0.4956243939240155,0.21893460835292797,0.16359672210637882,0.15051288756601106,0.21797171347611136,0.16358510850517574,0.05091218372849919,233.6,423.2
SKAB,4,0.01,0.4,0.6310915440014458,0.04527489976304075,0.49252145267921377,0.2083782876752559,0.15251676479694415,0.10053571648465572,0.2165044548027009,0.12667863985854347,0.04869467174957779,458.8,795.0
SKAB,3,1.0,0.1,0.636861464210018,0.03140576461658664,0.4863832378454794,0.21925697499980804,0.14615512055905572,0.1602564394805722,0.19125776671676714,0.16677195100238992,0.05091218372849919,233.6,423.2
SKAB,2,0.01,0.4,0.6292632966378835,0.04715215529238546,0.49351470964842137,0.22702068419637983,0.14602289958342088,0.09887475255502498,0.20920455002999896,0.12359431449581558,0.05312948588128903,104.8,198.0
SKAB,2,0.5,0.2,0.6352226800755849,0.03420310712954295,0.4835730656332074,0.21744101003320138,0.1446488611449344,0.14812618109693612,0.19337630819025126,0.15896096672216076,0.05312948588128903,104.8,198.0
SKAB,3,0.01,0.4,0.6312629215009824,0.04247704010126042,0.4881474636596019,0.21225032057824014,0.14302912154394995,0.1033306452918061,0.20430863601703744,0.12814481718095377,0.05091218372849919,233.6,423.2
SKAB,2,0.1,0.3,0.6384322528515809,0.034472465309895506,0.4983596785019532,0.21781347839749818,0.14212763270068945,0.13391180507803105,0.19634707560944545,0.15213765287768188,0.05312948588128903,104.8,198.0
SKAB,4,0.5,0.1,0.6391909928387561,0.02930865235251909,0.49031204894082464,0.20763140640267352,0.1411338671612966,0.15181950383480047,0.18867487742504618,0.16303366695904112,0.04869467174957779,458.8,795.0
SKAB,4,0.01,0.3,0.637394924377063,0.03184264133099993,0.5067592196126227,0.2263143844008735,0.12454510676512623,0.0937945173622855,0.18474495228621485,0.12068039306208143,0.04869467174957779,458.8,795.0
SKAB,4,0.1,0.2,0.6354216343182177,0.03169366787488007,0.49155224584535645,0.22316185076022807,0.12408750129315173,0.11020559260282733,0.1788731817525097,0.13222068672727694,0.04869467174957779,458.8,795.0
SKAB,3,0.01,0.3,0.6407839010633587,0.03128226198524014,0.5104456613652288,0.2246241839776692,0.12155381008444735,0.0962588355615218,0.18168408549670814,0.12632394231252195,0.05091218372849919,233.6,423.2
SKAB,2,0.01,0.3,0.6368713144096861,0.028687693581872523,0.4936948431685274,0.2198287630568208,0.11305869169144993,0.09011534345932196,0.16988264849631465,0.1178093698230254,0.05312948588128903,104.8,198.0
SKAB,3,0.5,0.1,0.6431381228082601,0.026312499539964573,0.4865126003967093,0.19317025759940243,0.11266221533287567,0.14593067567040496,0.1537450644573029,0.16607139633312556,0.05091218372849919,233.6,423.2
SKAB,3,0.1,0.2,0.6399105418083423,0.027257452890813907,0.4942497315984197,0.22409069236701668,0.1090873329152337,0.10921572458952601,0.1603565386158351,0.13552358120038352,0.05091218372849919,233.6,423.2
SKAB,2,1.0,0.1,0.6386740314829548,0.025669476426493417,0.4668457711442786,0.215158826227552,0.10868459718918018,0.14154883917614366,0.14771573390570988,0.16161270741951358,0.05312948588128903,104.8,198.0
SKAB,2,0.1,0.2,0.6420511164966815,0.026167565203241643,0.512219543723579,0.23264963019539242,0.09711336815258081,0.10592629243295476,0.1452689502629009,0.1339559392222716,0.05312948588128903,104.8,198.0
SKAB,4,0.01,0.2,0.6363580547039515,0.02411612477213052,0.4686181723681724,0.19522795794068246,0.09557096112447716,0.08691765763468226,0.14599332038149662,0.11473946871133456,0.04869467174957779,458.8,795.0
SKAB,2,0.5,0.1,0.6443903950479242,0.024952215032152423,0.4900267379679144,0.20762670538704933,0.09215072519576381,0.12347267822804445,0.1326253505167712,0.15258088910511824,0.05312948588128903,104.8,198.0
SKAB,3,0.01,0.2,0.6410063569706361,0.022410475374748703,0.49419723551302497,0.19815443963958346,0.0915821395525513,0.08902867502990267,0.14119935084294835,0.118332119781917,0.05091218372849919,233.6,423.2
SKAB,2,0.01,0.2,0.641904232220903,0.021462298884042226,0.5133128342875992,0.21418770262014608,0.08408578673019691,0.08610533403308274,0.1311281437675124,0.11551383780440737,0.05312948588128903,104.8,198.0
SKAB,4,0.1,0.1,0.6397856540669475,0.020043798258568425,0.4641907891305482,0.18251408319275503,0.07658695254905044,0.0852610921340566,0.11925256727313686,0.11611797463425444,0.04869467174957779,458.8,795.0
SKAB,4,0.01,0.1,0.6412189946764941,0.01943720477643365,0.470412839193327,0.1773120112606337,0.07608569941621836,0.08545974777792767,0.11884111098468367,0.11682571410138728,0.04869467174957779,458.8,795.0
SKAB,4,1.0,0.05,0.6376424418489872,0.019414542223008896,0.4697932610097273,0.19927467479871644,0.07559566836844969,0.08197531075177483,0.11770511003787773,0.11165919451517232,0.04869467174957779,458.8,795.0
SKAB,3,0.01,0.1,0.6424643181350141,0.019268812268297526,0.47588835212023617,0.1940985005074852,0.07060932190527683,0.08866231415617998,0.10971082444739048,0.1219103123019983,0.05091218372849919,233.6,423.2
SKAB,3,0.1,0.1,0.641744537274774,0.019933168030685927,0.4707618583495776,0.19899839292367102,0.07060932190527683,0.08866231415617998,0.10961299458045864,0.1219493555628309,0.05091218372849919,233.6,423.2
SKAB,4,0.5,0.05,0.6401516610484203,0.018661317082661652,0.49364970490068844,0.2231689473247383,0.07058563705575399,0.0803230482609609,0.11125342692201419,0.11181950489261851,0.04869467174957779,458.8,795.0
SKAB,4,0.01,0.05,0.6405139798889999,0.018217711236847924,0.4929905091195414,0.2240148865592387,0.07008438392292189,0.08064114849647089,0.11041105828148043,0.11238330833465408,0.04869467174957779,458.8,795.0
SKAB,4,0.1,0.05,0.6405139798889999,0.018217711236847924,0.4929905091195414,0.2240148865592387,0.07008438392292189,0.08064114849647089,0.11041105828148043,0.11238330833465408,0.04869467174957779,458.8,795.0
SKAB,2,0.01,0.1,0.642980874761666,0.02111172576509877,0.4937879767291532,0.2163051599726872,0.0670880685541598,0.07764444910429691,0.10798987307690304,0.11100999103782211,0.05312948588128903,104.8,198.0
SKAB,2,0.1,0.1,0.6415661974849197,0.01878737478443671,0.48706983001100645,0.21257822785124109,0.0670880685541598,0.07764444910429691,0.10704560971425367,0.1091069019587366,0.05312948588128903,104.8,198.0
SKAB,3,1.0,0.05,0.6416089493123287,0.015381294322282184,0.48749554197555595,0.22616279766843717,0.06559304988193489,0.08116817340723083,0.10296039957463948,0.11320459828256467,0.05091218372849919,233.6,423.2
SKAB,3,0.01,0.05,0.6444780589418819,0.014789378960627654,0.5167829191174481,0.2016159771354677,0.06409303117845978,0.08050671513417947,0.10147226419379217,0.113576224754518,0.05091218372849919,233.6,423.2
SKAB,3,0.1,0.05,0.6444780589418819,0.014789378960627654,0.5167829191174481,0.2016159771354677,0.06409303117845978,0.08050671513417947,0.10147226419379217,0.113576224754518,0.05091218372849919,233.6,423.2
SKAB,3,0.5,0.05,0.6442993279320517,0.014851919333268463,0.5135645283128505,0.20228764916035036,0.06409303117845978,0.08050671513417947,0.10144218771359968,0.11358631126648425,0.05091218372849919,233.6,423.2
SKAB,2,0.01,0.05,0.6496294477735721,0.020206808775580468,0.4553819444444444,0.33139738045655953,0.05257667188778139,0.08496560760003334,0.08339158521269129,0.12723469261395745,0.05312948588128903,104.8,198.0
SKAB,2,0.1,0.05,0.649450716763742,0.020275324324984346,0.44953399122807014,0.32976700718592644,0.05257667188778139,0.08496560760003334,0.08336896333733783,0.12724132605978955,0.05312948588128903,104.8,198.0
SKAB,2,0.5,0.05,0.649450716763742,0.020275324324984346,0.44953399122807014,0.32976700718592644,0.05257667188778139,0.08496560760003334,0.08336896333733783,0.12724132605978955,0.05312948588128903,104.8,198.0
SKAB,2,1.0,0.05,0.6475055355082158,0.016464916873857406,0.4387763473431781,0.32259933305913596,0.05257667188778139,0.08496560760003334,0.08201882260950333,0.12451404711486984,0.05312948588128903,104.8,198.0
