accuracy,precision,recall,f1_score,scenario,dataset,fold,seed,window_size,alphabet_size,num_states,num_transitions,transition_density,weight_sharpness
0.68,0.023529411764705882,0.2857142857142857,0.043478260869565216,original,BATADAL,param_search,42,3,3,26,64,0.09467455621301775,0.25
0.68,0.023529411764705882,0.2857142857142857,0.043478260869565216,original,BATADAL,param_search,42,3,3,26,64,0.09467455621301775,0.5
0.68,0.023529411764705882,0.2857142857142857,0.043478260869565216,original,BATADAL,param_search,42,3,3,26,64,0.09467455621301775,1.0
0.7018181818181818,0.02531645569620253,0.2857142857142857,0.046511627906976744,original,BATADAL,param_search,42,3,3,26,64,0.09467455621301775,2.0
0.7163636363636363,0.02666666666666667,0.2857142857142857,0.04878048780487805,original,BATADAL,param_search,42,3,3,26,64,0.09467455621301775,4.0
0.7418181818181818,0.029411764705882353,0.2857142857142857,0.05333333333333334,original,BATADAL,param_search,42,3,3,26,64,0.09467455621301775,6.0
0.7418181818181818,0.029411764705882353,0.2857142857142857,0.05333333333333334,original,BATADAL,param_search,42,3,3,26,64,0.09467455621301775,8.0
0.5018181818181818,0.022058823529411766,0.42857142857142855,0.04195804195804196,original,BATADAL,param_search,42,3,4,55,130,0.04297520661157025,0.25
0.5018181818181818,0.022058823529411766,0.42857142857142855,0.04195804195804196,original,BATADAL,param_search,42,3,4,55,130,0.04297520661157025,0.5
0.5018181818181818,0.022058823529411766,0.42857142857142855,0.04195804195804196,original,BATADAL,param_search,42,3,4,55,130,0.04297520661157025,1.0
0.509090909090909,0.022388059701492536,0.42857142857142855,0.0425531914893617,original,BATADAL,param_search,42,3,4,55,130,0.04297520661157025,2.0
0.509090909090909,0.022388059701492536,0.42857142857142855,0.0425531914893617,original,BATADAL,param_search,42,3,4,55,130,0.04297520661157025,4.0
0.509090909090909,0.022388059701492536,0.42857142857142855,0.0425531914893617,original,BATADAL,param_search,42,3,4,55,130,0.04297520661157025,6.0
0.5127272727272727,0.022556390977443608,0.42857142857142855,0.04285714285714286,original,BATADAL,param_search,42,3,4,55,130,0.04297520661157025,8.0
0.36363636363636365,0.022727272727272728,0.5714285714285714,0.04371584699453552,original,BATADAL,param_search,42,3,5,71,173,0.034318587581829,0.25
0.36363636363636365,0.022727272727272728,0.5714285714285714,0.04371584699453552,original,BATADAL,param_search,42,3,5,71,173,0.034318587581829,0.5
0.37454545454545457,0.023121387283236993,0.5714285714285714,0.044444444444444446,original,BATADAL,param_search,42,3,5,71,173,0.034318587581829,1.0
0.3781818181818182,0.023255813953488372,0.5714285714285714,0.0446927374301676,original,BATADAL,param_search,42,3,5,71,173,0.034318587581829,2.0
0.38181818181818183,0.023391812865497075,0.5714285714285714,0.0449438202247191,original,BATADAL,param_search,42,3,5,71,173,0.034318587581829,4.0
0.4036363636363636,0.024242424242424242,0.5714285714285714,0.046511627906976744,original,BATADAL,param_search,42,3,5,71,173,0.034318587581829,6.0
0.41818181818181815,0.024844720496894408,0.5714285714285714,0.047619047619047616,original,BATADAL,param_search,42,3,5,71,173,0.034318587581829,8.0
0.3381818181818182,0.0111731843575419,0.2857142857142857,0.021505376344086023,original,BATADAL,param_search,42,3,6,99,254,0.025915722885419854,0.25
0.3527272727272727,0.011428571428571429,0.2857142857142857,0.02197802197802198,original,BATADAL,param_search,42,3,6,99,254,0.025915722885419854,0.5
0.36363636363636365,0.011627906976744186,0.2857142857142857,0.0223463687150838,original,BATADAL,param_search,42,3,6,99,254,0.025915722885419854,1.0
0.36363636363636365,0.011627906976744186,0.2857142857142857,0.0223463687150838,original,BATADAL,param_search,42,3,6,99,254,0.025915722885419854,2.0
0.36727272727272725,0.011695906432748537,0.2857142857142857,0.02247191011235955,original,BATADAL,param_search,42,3,6,99,254,0.025915722885419854,4.0
0.36727272727272725,0.011695906432748537,0.2857142857142857,0.02247191011235955,original,BATADAL,param_search,42,3,6,99,254,0.025915722885419854,6.0
0.3709090909090909,0.011764705882352941,0.2857142857142857,0.022598870056497175,original,BATADAL,param_search,42,3,6,99,254,0.025915722885419854,8.0
0.6195121951219512,0.05063291139240506,0.5714285714285714,0.09302325581395349,original,BATADAL,param_search,42,4,3,65,119,0.02816568047337278,0.25
0.6195121951219512,0.05063291139240506,0.5714285714285714,0.09302325581395349,original,BATADAL,param_search,42,4,3,65,119,0.02816568047337278,0.5
0.6195121951219512,0.05063291139240506,0.5714285714285714,0.09302325581395349,original,BATADAL,param_search,42,4,3,65,119,0.02816568047337278,1.0
0.624390243902439,0.05128205128205128,0.5714285714285714,0.09411764705882353,original,BATADAL,param_search,42,4,3,65,119,0.02816568047337278,2.0
0.624390243902439,0.05128205128205128,0.5714285714285714,0.09411764705882353,original,BATADAL,param_search,42,4,3,65,119,0.02816568047337278,4.0
0.624390243902439,0.05128205128205128,0.5714285714285714,0.09411764705882353,original,BATADAL,param_search,42,4,3,65,119,0.02816568047337278,6.0
0.624390243902439,0.05128205128205128,0.5714285714285714,0.09411764705882353,original,BATADAL,param_search,42,4,3,65,119,0.02816568047337278,8.0
0.3170731707317073,0.03496503496503497,0.7142857142857143,0.06666666666666667,original,BATADAL,param_search,42,4,4,90,155,0.019135802469135803,0.25
0.3170731707317073,0.03496503496503497,0.7142857142857143,0.06666666666666667,original,BATADAL,param_search,42,4,4,90,155,0.019135802469135803,0.5
0.3170731707317073,0.03496503496503497,0.7142857142857143,0.06666666666666667,original,BATADAL,param_search,42,4,4,90,155,0.019135802469135803,1.0
0.3170731707317073,0.03496503496503497,0.7142857142857143,0.06666666666666667,original,BATADAL,param_search,42,4,4,90,155,0.019135802469135803,2.0
0.3170731707317073,0.03496503496503497,0.7142857142857143,0.06666666666666667,original,BATADAL,param_search,42,4,4,90,155,0.019135802469135803,4.0
0.3170731707317073,0.03496503496503497,0.7142857142857143,0.06666666666666667,original,BATADAL,param_search,42,4,4,90,155,0.019135802469135803,6.0
0.3170731707317073,0.03496503496503497,0.7142857142857143,0.06666666666666667,original,BATADAL,param_search,42,4,4,90,155,0.019135802469135803,8.0
0.33658536585365856,0.0425531914893617,0.8571428571428571,0.08108108108108109,original,BATADAL,param_search,42,4,5,151,285,0.012499451778430771,0.25
0.33658536585365856,0.0425531914893617,0.8571428571428571,0.08108108108108109,original,BATADAL,param_search,42,4,5,151,285,0.012499451778430771,0.5
0.3463414634146341,0.04316546762589928,0.8571428571428571,0.0821917808219178,original,BATADAL,param_search,42,4,5,151,285,0.012499451778430771,1.0
0.3463414634146341,0.04316546762589928,0.8571428571428571,0.0821917808219178,original,BATADAL,param_search,42,4,5,151,285,0.012499451778430771,2.0
0.35609756097560974,0.043795620437956206,0.8571428571428571,0.08333333333333333,original,BATADAL,param_search,42,4,5,151,285,0.012499451778430771,4.0
0.35609756097560974,0.043795620437956206,0.8571428571428571,0.08333333333333333,original,BATADAL,param_search,42,4,5,151,285,0.012499451778430771,6.0
0.35609756097560974,0.043795620437956206,0.8571428571428571,0.08333333333333333,original,BATADAL,param_search,42,4,5,151,285,0.012499451778430771,8.0
0.35609756097560974,0.03007518796992481,0.5714285714285714,0.05714285714285714,original,BATADAL,param_search,42,4,6,220,385,0.007954545454545454,0.25
0.36097560975609755,0.030303030303030304,0.5714285714285714,0.05755395683453238,original,BATADAL,param_search,42,4,6,220,385,0.007954545454545454,0.5
0.36097560975609755,0.030303030303030304,0.5714285714285714,0.05755395683453238,original,BATADAL,param_search,42,4,6,220,385,0.007954545454545454,1.0
0.36097560975609755,0.030303030303030304,0.5714285714285714,0.05755395683453238,original,BATADAL,param_search,42,4,6,220,385,0.007954545454545454,2.0
0.36097560975609755,0.030303030303030304,0.5714285714285714,0.05755395683453238,original,BATADAL,param_search,42,4,6,220,385,0.007954545454545454,4.0
0.36097560975609755,0.030303030303030304,0.5714285714285714,0.05755395683453238,original,BATADAL,param_search,42,4,6,220,385,0.007954545454545454,6.0
0.36097560975609755,0.030303030303030304,0.5714285714285714,0.05755395683453238,original,BATADAL,param_search,42,4,6,220,385,0.007954545454545454,8.0
0.4074074074074074,0.0,0.0,0.0,original,BATADAL,param_search,42,5,3,102,154,0.014801999231064974,0.25
0.4074074074074074,0.0,0.0,0.0,original,BATADAL,param_search,42,5,3,102,154,0.014801999231064974,0.5
0.4074074074074074,0.0,0.0,0.0,original,BATADAL,param_search,42,5,3,102,154,0.014801999231064974,1.0
0.4074074074074074,0.0,0.0,0.0,original,BATADAL,param_search,42,5,3,102,154,0.014801999231064974,2.0
0.4074074074074074,0.0,0.0,0.0,original,BATADAL,param_search,42,5,3,102,154,0.014801999231064974,4.0
0.4074074074074074,0.0,0.0,0.0,original,BATADAL,param_search,42,5,3,102,154,0.014801999231064974,6.0
0.4074074074074074,0.0,0.0,0.0,original,BATADAL,param_search,42,5,3,102,154,0.014801999231064974,8.0
0.24691358024691357,0.0,0.0,0.0,original,BATADAL,param_search,42,5,4,141,212,0.010663447512700569,0.25
0.24691358024691357,0.0,0.0,0.0,original,BATADAL,param_search,42,5,4,141,212,0.010663447512700569,0.5
0.24691358024691357,0.0,0.0,0.0,original,BATADAL,param_search,42,5,4,141,212,0.010663447512700569,1.0
0.24691358024691357,0.0,0.0,0.0,original,BATADAL,param_search,42,5,4,141,212,0.010663447512700569,2.0
0.24691358024691357,0.0,0.0,0.0,original,BATADAL,param_search,42,5,4,141,212,0.010663447512700569,4.0
0.24691358024691357,0.0,0.0,0.0,original,BATADAL,param_search,42,5,4,141,212,0.010663447512700569,6.0
0.24691358024691357,0.0,0.0,0.0,original,BATADAL,param_search,42,5,4,141,212,0.010663447512700569,8.0
0.29012345679012347,0.0,0.0,0.0,original,BATADAL,param_search,42,5,5,261,389,0.005710427034247883,0.25
0.29012345679012347,0.0,0.0,0.0,original,BATADAL,param_search,42,5,5,261,389,0.005710427034247883,0.5
0.29012345679012347,0.0,0.0,0.0,original,BATADAL,param_search,42,5,5,261,389,0.005710427034247883,1.0
0.29012345679012347,0.0,0.0,0.0,original,BATADAL,param_search,42,5,5,261,389,0.005710427034247883,2.0
0.29012345679012347,0.0,0.0,0.0,original,BATADAL,param_search,42,5,5,261,389,0.005710427034247883,4.0
0.29012345679012347,0.0,0.0,0.0,original,BATADAL,param_search,42,5,5,261,389,0.005710427034247883,6.0
0.29012345679012347,0.0,0.0,0.0,original,BATADAL,param_search,42,5,5,261,389,0.005710427034247883,8.0
0.2777777777777778,0.0,0.0,0.0,original,BATADAL,param_search,42,5,6,327,465,0.00434867996521056,0.25
0.2777777777777778,0.0,0.0,0.0,original,BATADAL,param_search,42,5,6,327,465,0.00434867996521056,0.5
0.2777777777777778,0.0,0.0,0.0,original,BATADAL,param_search,42,5,6,327,465,0.00434867996521056,1.0
0.2777777777777778,0.0,0.0,0.0,original,BATADAL,param_search,42,5,6,327,465,0.00434867996521056,2.0
0.2777777777777778,0.0,0.0,0.0,original,BATADAL,param_search,42,5,6,327,465,0.00434867996521056,4.0
0.2777777777777778,0.0,0.0,0.0,original,BATADAL,param_search,42,5,6,327,465,0.00434867996521056,6.0
0.2777777777777778,0.0,0.0,0.0,original,BATADAL,param_search,42,5,6,327,465,0.00434867996521056,8.0
0.5112781954887218,0.0,0.0,0.0,original,BATADAL,param_search,42,6,3,91,124,0.01497403695205893,0.25
0.5112781954887218,0.0,0.0,0.0,original,BATADAL,param_search,42,6,3,91,124,0.01497403695205893,0.5
0.5112781954887218,0.0,0.0,0.0,original,BATADAL,param_search,42,6,3,91,124,0.01497403695205893,1.0
0.5112781954887218,0.0,0.0,0.0,original,BATADAL,param_search,42,6,3,91,124,0.01497403695205893,2.0
0.5112781954887218,0.0,0.0,0.0,original,BATADAL,param_search,42,6,3,91,124,0.01497403695205893,4.0
0.5112781954887218,0.0,0.0,0.0,original,BATADAL,param_search,42,6,3,91,124,0.01497403695205893,6.0
0.5112781954887218,0.0,0.0,0.0,original,BATADAL,param_search,42,6,3,91,124,0.01497403695205893,8.0
0.3458646616541353,0.0,0.0,0.0,original,BATADAL,param_search,42,6,4,158,235,0.009413555519948727,0.25
0.3533834586466165,0.0,0.0,0.0,original,BATADAL,param_search,42,6,4,158,235,0.009413555519948727,0.5
0.3533834586466165,0.0,0.0,0.0,original,BATADAL,param_search,42,6,4,158,235,0.009413555519948727,1.0
0.3609022556390977,0.0,0.0,0.0,original,BATADAL,param_search,42,6,4,158,235,0.009413555519948727,2.0
0.3684210526315789,0.0,0.0,0.0,original,BATADAL,param_search,42,6,4,158,235,0.009413555519948727,4.0
0.3684210526315789,0.0,0.0,0.0,original,BATADAL,param_search,42,6,4,158,235,0.009413555519948727,6.0
0.3684210526315789,0.0,0.0,0.0,original,BATADAL,param_search,42,6,4,158,235,0.009413555519948727,8.0
0.3684210526315789,0.0,0.0,0.0,original,BATADAL,param_search,42,6,5,259,349,0.005202665434325666,0.25
0.3684210526315789,0.0,0.0,0.0,original,BATADAL,param_search,42,6,5,259,349,0.005202665434325666,0.5
0.3684210526315789,0.0,0.0,0.0,original,BATADAL,param_search,42,6,5,259,349,0.005202665434325666,1.0
0.3684210526315789,0.0,0.0,0.0,original,BATADAL,param_search,42,6,5,259,349,0.005202665434325666,2.0
0.37593984962406013,0.0,0.0,0.0,original,BATADAL,param_search,42,6,5,259,349,0.005202665434325666,4.0
0.37593984962406013,0.0,0.0,0.0,original,BATADAL,param_search,42,6,5,259,349,0.005202665434325666,6.0
0.37593984962406013,0.0,0.0,0.0,original,BATADAL,param_search,42,6,5,259,349,0.005202665434325666,8.0
0.3082706766917293,0.0,0.0,0.0,original,BATADAL,param_search,42,6,6,325,427,0.004042603550295858,0.25
0.3082706766917293,0.0,0.0,0.0,original,BATADAL,param_search,42,6,6,325,427,0.004042603550295858,0.5
0.3082706766917293,0.0,0.0,0.0,original,BATADAL,param_search,42,6,6,325,427,0.004042603550295858,1.0
0.3082706766917293,0.0,0.0,0.0,original,BATADAL,param_search,42,6,6,325,427,0.004042603550295858,2.0
0.3082706766917293,0.0,0.0,0.0,original,BATADAL,param_search,42,6,6,325,427,0.004042603550295858,4.0
0.3082706766917293,0.0,0.0,0.0,original,BATADAL,param_search,42,6,6,325,427,0.004042603550295858,6.0
0.3082706766917293,0.0,0.0,0.0,original,BATADAL,param_search,42,6,6,325,427,0.004042603550295858,8.0
0.7686666666666667,0.8375,0.16708229426433915,0.2785862785862786,original,SKAB,param_search,42,3,3,22,43,0.08884297520661157,0.25
0.7686666666666667,0.8375,0.16708229426433915,0.2785862785862786,original,SKAB,param_search,42,3,3,22,43,0.08884297520661157,0.5
0.7686666666666667,0.8375,0.16708229426433915,0.2785862785862786,original,SKAB,param_search,42,3,3,22,43,0.08884297520661157,1.0
0.776,0.8494623655913979,0.1970074812967581,0.31983805668016196,original,SKAB,param_search,42,3,3,22,43,0.08884297520661157,2.0
0.776,0.8494623655913979,0.1970074812967581,0.31983805668016196,original,SKAB,param_search,42,3,3,22,43,0.08884297520661157,4.0
0.776,0.8494623655913979,0.1970074812967581,0.31983805668016196,original,SKAB,param_search,42,3,3,22,43,0.08884297520661157,6.0
0.776,0.8494623655913979,0.1970074812967581,0.31983805668016196,original,SKAB,param_search,42,3,3,22,43,0.08884297520661157,8.0
0.692,0.4298850574712644,0.46633416458852867,0.4473684210526316,original,SKAB,param_search,42,3,4,35,72,0.05877551020408163,0.25
0.692,0.43412526997840173,0.5012468827930174,0.4652777777777778,original,SKAB,param_search,42,3,4,35,72,0.05877551020408163,0.5
0.692,0.43412526997840173,0.5012468827930174,0.4652777777777778,original,SKAB,param_search,42,3,4,35,72,0.05877551020408163,1.0
0.692,0.43412526997840173,0.5012468827930174,0.4652777777777778,original,SKAB,param_search,42,3,4,35,72,0.05877551020408163,2.0
0.692,0.43412526997840173,0.5012468827930174,0.4652777777777778,original,SKAB,param_search,42,3,4,35,72,0.05877551020408163,4.0
0.692,0.43412526997840173,0.5012468827930174,0.4652777777777778,original,SKAB,param_search,42,3,4,35,72,0.05877551020408163,6.0
0.692,0.43412526997840173,0.5012468827930174,0.4652777777777778,original,SKAB,param_search,42,3,4,35,72,0.05877551020408163,8.0
0.5666666666666667,0.1532033426183844,0.1371571072319202,0.14473684210526316,original,SKAB,param_search,42,3,5,52,127,0.04696745562130177,0.25
0.5666666666666667,0.1532033426183844,0.1371571072319202,0.14473684210526316,original,SKAB,param_search,42,3,5,52,127,0.04696745562130177,0.5
0.5666666666666667,0.1532033426183844,0.1371571072319202,0.14473684210526316,original,SKAB,param_search,42,3,5,52,127,0.04696745562130177,1.0
0.5906666666666667,0.3227953410981697,0.4837905236907731,0.3872255489021956,original,SKAB,param_search,42,3,5,52,127,0.04696745562130177,2.0
0.5886666666666667,0.32295081967213113,0.4912718204488778,0.3897131552917903,original,SKAB,param_search,42,3,5,52,127,0.04696745562130177,4.0
0.5886666666666667,0.32295081967213113,0.4912718204488778,0.3897131552917903,original,SKAB,param_search,42,3,5,52,127,0.04696745562130177,6.0
0.5886666666666667,0.32295081967213113,0.4912718204488778,0.3897131552917903,original,SKAB,param_search,42,3,5,52,127,0.04696745562130177,8.0
0.7266666666666667,0.4899328859060403,0.5461346633416458,0.5165094339622641,original,SKAB,param_search,42,3,6,81,206,0.03139765279682975,0.25
0.6946666666666667,0.4488330341113106,0.6234413965087282,0.5219206680584552,original,SKAB,param_search,42,3,6,81,206,0.03139765279682975,0.5
0.6946666666666667,0.4488330341113106,0.6234413965087282,0.5219206680584552,original,SKAB,param_search,42,3,6,81,206,0.03139765279682975,1.0
0.6946666666666667,0.4488330341113106,0.6234413965087282,0.5219206680584552,original,SKAB,param_search,42,3,6,81,206,0.03139765279682975,2.0
0.7013333333333334,0.45884413309982486,0.6533665835411472,0.5390946502057613,original,SKAB,param_search,42,3,6,81,206,0.03139765279682975,4.0
0.7013333333333334,0.45884413309982486,0.6533665835411472,0.5390946502057613,original,SKAB,param_search,42,3,6,81,206,0.03139765279682975,6.0
0.7013333333333334,0.45884413309982486,0.6533665835411472,0.5390946502057613,original,SKAB,param_search,42,3,6,81,206,0.03139765279682975,8.0
0.674087266251113,0.7464788732394366,0.13216957605985039,0.2245762711864407,original,SKAB,param_search,42,4,3,35,68,0.05551020408163265,0.25
0.674087266251113,0.7464788732394366,0.13216957605985039,0.2245762711864407,original,SKAB,param_search,42,4,3,35,68,0.05551020408163265,0.5
0.674087266251113,0.7464788732394366,0.13216957605985039,0.2245762711864407,original,SKAB,param_search,42,4,3,35,68,0.05551020408163265,1.0
0.674087266251113,0.7464788732394366,0.13216957605985039,0.2245762711864407,original,SKAB,param_search,42,4,3,35,68,0.05551020408163265,2.0
0.680320569902048,0.7625,0.15211970074812967,0.25363825363825365,original,SKAB,param_search,42,4,3,35,68,0.05551020408163265,4.0
0.680320569902048,0.7625,0.15211970074812967,0.25363825363825365,original,SKAB,param_search,42,4,3,35,68,0.05551020408163265,6.0
0.680320569902048,0.7625,0.15211970074812967,0.25363825363825365,original,SKAB,param_search,42,4,3,35,68,0.05551020408163265,8.0
0.674087266251113,0.5474254742547425,0.5037406483790524,0.5246753246753246,original,SKAB,param_search,42,4,4,59,119,0.03418557885665039,0.25
0.674087266251113,0.5474254742547425,0.5037406483790524,0.5246753246753246,original,SKAB,param_search,42,4,4,59,119,0.03418557885665039,0.5
0.674087266251113,0.5474254742547425,0.5037406483790524,0.5246753246753246,original,SKAB,param_search,42,4,4,59,119,0.03418557885665039,1.0
0.6829919857524488,0.5587467362924282,0.5336658354114713,0.5459183673469388,original,SKAB,param_search,42,4,4,59,119,0.03418557885665039,2.0
0.6767586821015138,0.5487179487179488,0.5336658354114713,0.5410872313527181,original,SKAB,param_search,42,4,4,59,119,0.03418557885665039,4.0
0.684772929652716,0.5583126550868487,0.5610972568578554,0.5597014925373134,original,SKAB,param_search,42,4,4,59,119,0.03418557885665039,6.0
0.684772929652716,0.5583126550868487,0.5610972568578554,0.5597014925373134,original,SKAB,param_search,42,4,4,59,119,0.03418557885665039,8.0
0.6464826357969724,0.5076923076923077,0.32917705735660846,0.39939485627836613,original,SKAB,param_search,42,4,5,104,206,0.01904585798816568,0.25
0.6464826357969724,0.5076923076923077,0.32917705735660846,0.39939485627836613,original,SKAB,param_search,42,4,5,104,206,0.01904585798816568,0.5
0.655387355298308,0.5246478873239436,0.371571072319202,0.43503649635036495,original,SKAB,param_search,42,4,5,104,206,0.01904585798816568,1.0
0.6642920747996438,0.540268456375839,0.4014962593516209,0.46065808297567956,original,SKAB,param_search,42,4,5,104,206,0.01904585798816568,2.0
0.5102404274265361,0.34182590233545646,0.4014962593516209,0.36926605504587157,original,SKAB,param_search,42,4,5,104,206,0.01904585798816568,4.0
0.5075690115761353,0.339662447257384,0.4014962593516209,0.368,original,SKAB,param_search,42,4,5,104,206,0.01904585798816568,6.0
0.5075690115761353,0.3403361344537815,0.40399002493765584,0.3694412770809578,original,SKAB,param_search,42,4,5,104,206,0.01904585798816568,8.0
0.4968833481745325,0.25882352941176473,0.2194513715710723,0.23751686909581646,original,SKAB,param_search,42,4,6,154,296,0.012481025468038455,0.25
0.4977738201246661,0.26099706744868034,0.22194513715710723,0.2398921832884097,original,SKAB,param_search,42,4,6,154,296,0.012481025468038455,0.5
0.5040071237756011,0.27714285714285714,0.24189526184538654,0.2583222370173103,original,SKAB,param_search,42,4,6,154,296,0.012481025468038455,1.0
0.44701691896705253,0.23557692307692307,0.24438902743142144,0.23990208078335373,original,SKAB,param_search,42,4,6,154,296,0.012481025468038455,2.0
0.4505788067675868,0.24528301886792453,0.2593516209476309,0.25212121212121213,original,SKAB,param_search,42,4,6,154,296,0.012481025468038455,4.0
0.44256455921638466,0.24018475750577367,0.2593516209476309,0.24940047961630696,original,SKAB,param_search,42,4,6,154,296,0.012481025468038455,6.0
0.44256455921638466,0.24018475750577367,0.2593516209476309,0.24940047961630696,original,SKAB,param_search,42,4,6,154,296,0.012481025468038455,8.0
0.5663322185061316,0.0,0.0,0.0,original,SKAB,param_search,42,5,3,71,125,0.02479666732791113,0.25
0.5663322185061316,0.0,0.0,0.0,original,SKAB,param_search,42,5,3,71,125,0.02479666732791113,0.5
0.5663322185061316,0.0,0.0,0.0,original,SKAB,param_search,42,5,3,71,125,0.02479666732791113,1.0
0.5618729096989966,0.0,0.0,0.0,original,SKAB,param_search,42,5,3,71,125,0.02479666732791113,2.0
0.5462653288740246,0.0,0.0,0.0,original,SKAB,param_search,42,5,3,71,125,0.02479666732791113,4.0
0.5462653288740246,0.0,0.0,0.0,original,SKAB,param_search,42,5,3,71,125,0.02479666732791113,6.0
0.5462653288740246,0.0,0.0,0.0,original,SKAB,param_search,42,5,3,71,125,0.02479666732791113,8.0
0.6399108138238573,0.5018315018315018,0.4228395061728395,0.45896147403685095,original,SKAB,param_search,42,5,4,117,211,0.01541383592665644,0.25
0.6376811594202898,0.49818181818181817,0.4228395061728395,0.4574290484140234,original,SKAB,param_search,42,5,4,117,211,0.01541383592665644,0.5
0.6376811594202898,0.49818181818181817,0.4228395061728395,0.4574290484140234,original,SKAB,param_search,42,5,4,117,211,0.01541383592665644,1.0
0.6298773690078038,0.4858156028368794,0.4228395061728395,0.4521452145214521,original,SKAB,param_search,42,5,4,117,211,0.01541383592665644,2.0
0.6443701226309922,0.5083612040133779,0.4691358024691358,0.48796147672552165,original,SKAB,param_search,42,5,4,117,211,0.01541383592665644,4.0
0.6387959866220736,0.5,0.4691358024691358,0.4840764331210191,original,SKAB,param_search,42,5,4,117,211,0.01541383592665644,6.0
0.6387959866220736,0.5,0.4691358024691358,0.4840764331210191,original,SKAB,param_search,42,5,4,117,211,0.01541383592665644,8.0
0.6655518394648829,0.5606060606060606,0.3425925925925926,0.42528735632183906,original,SKAB,param_search,42,5,5,170,298,0.010311418685121107,0.25
0.6644370122630993,0.5577889447236181,0.3425925925925926,0.42447418738049714,original,SKAB,param_search,42,5,5,170,298,0.010311418685121107,0.5
0.6744704570791528,0.5761904761904761,0.3734567901234568,0.45318352059925093,original,SKAB,param_search,42,5,5,170,298,0.010311418685121107,1.0
0.5195094760312151,0.3475783475783476,0.3765432098765432,0.36148148148148146,original,SKAB,param_search,42,5,5,170,298,0.010311418685121107,2.0
0.5239687848383501,0.3611859838274933,0.41358024691358025,0.3856115107913669,original,SKAB,param_search,42,5,5,170,298,0.010311418685121107,4.0
0.5239687848383501,0.3611859838274933,0.41358024691358025,0.3856115107913669,original,SKAB,param_search,42,5,5,170,298,0.010311418685121107,6.0
0.5317725752508361,0.3736842105263158,0.4382716049382716,0.4034090909090909,original,SKAB,param_search,42,5,5,170,298,0.010311418685121107,8.0
0.4659977703455964,0.11442786069651742,0.07098765432098765,0.08761904761904762,original,SKAB,param_search,42,5,6,277,472,0.006151520285680772,0.25
0.46153846153846156,0.11594202898550725,0.07407407407407407,0.0903954802259887,original,SKAB,param_search,42,5,6,277,472,0.006151520285680772,0.5
0.463768115942029,0.13488372093023257,0.08950617283950617,0.10760667903525047,original,SKAB,param_search,42,5,6,277,472,0.006151520285680772,1.0
0.46265328874024525,0.13425925925925927,0.08950617283950617,0.10740740740740741,original,SKAB,param_search,42,5,6,277,472,0.006151520285680772,2.0
0.3556298773690078,0.09294871794871795,0.08950617283950617,0.09119496855345911,original,SKAB,param_search,42,5,6,277,472,0.006151520285680772,4.0
0.35674470457079155,0.09584664536741214,0.09259259259259259,0.09419152276295134,original,SKAB,param_search,42,5,6,277,472,0.006151520285680772,6.0
0.35228539576365664,0.09717868338557993,0.09567901234567901,0.09642301710730948,original,SKAB,param_search,42,5,6,277,472,0.006151520285680772,8.0
0.6912751677852349,0.0,0.0,0.0,original,SKAB,param_search,42,6,3,123,205,0.013550135501355014,0.25
0.6912751677852349,0.0,0.0,0.0,original,SKAB,param_search,42,6,3,123,205,0.013550135501355014,0.5
0.6912751677852349,0.0,0.0,0.0,original,SKAB,param_search,42,6,3,123,205,0.013550135501355014,1.0
0.6912751677852349,0.0,0.0,0.0,original,SKAB,param_search,42,6,3,123,205,0.013550135501355014,2.0
0.687248322147651,0.0,0.0,0.0,original,SKAB,param_search,42,6,3,123,205,0.013550135501355014,4.0
0.687248322147651,0.0,0.0,0.0,original,SKAB,param_search,42,6,3,123,205,0.013550135501355014,6.0
0.687248322147651,0.0,0.0,0.0,original,SKAB,param_search,42,6,3,123,205,0.013550135501355014,8.0
0.6751677852348993,0.32673267326732675,0.38372093023255816,0.35294117647058826,original,SKAB,param_search,42,6,4,200,330,0.00825,0.25
0.6738255033557047,0.32682926829268294,0.38953488372093026,0.35543766578249336,original,SKAB,param_search,42,6,4,200,330,0.00825,0.5
0.6751677852348993,0.33490566037735847,0.4127906976744186,0.3697916666666667,original,SKAB,param_search,42,6,4,200,330,0.00825,1.0
0.6711409395973155,0.3302325581395349,0.4127906976744186,0.3669250645994832,original,SKAB,param_search,42,6,4,200,330,0.00825,2.0
0.661744966442953,0.32142857142857145,0.4186046511627907,0.36363636363636365,original,SKAB,param_search,42,6,4,200,330,0.00825,4.0
0.661744966442953,0.32142857142857145,0.4186046511627907,0.36363636363636365,original,SKAB,param_search,42,6,4,200,330,0.00825,6.0
0.6590604026845638,0.3217391304347826,0.43023255813953487,0.3681592039800995,original,SKAB,param_search,42,6,4,200,330,0.00825,8.0
0.6456375838926175,0.23563218390804597,0.23837209302325582,0.23699421965317918,original,SKAB,param_search,42,6,5,260,424,0.006272189349112426,0.25
0.6442953020134228,0.2342857142857143,0.23837209302325582,0.23631123919308358,original,SKAB,param_search,42,6,5,260,424,0.006272189349112426,0.5
0.636241610738255,0.2265193370165746,0.23837209302325582,0.23229461756373937,original,SKAB,param_search,42,6,5,260,424,0.006272189349112426,1.0
0.636241610738255,0.2265193370165746,0.23837209302325582,0.23229461756373937,original,SKAB,param_search,42,6,5,260,424,0.006272189349112426,2.0
0.6456375838926175,0.26288659793814434,0.29651162790697677,0.2786885245901639,original,SKAB,param_search,42,6,5,260,424,0.006272189349112426,4.0
0.6429530201342282,0.26262626262626265,0.3023255813953488,0.2810810810810811,original,SKAB,param_search,42,6,5,260,424,0.006272189349112426,6.0
0.6429530201342282,0.26262626262626265,0.3023255813953488,0.2810810810810811,original,SKAB,param_search,42,6,5,260,424,0.006272189349112426,8.0
0.5543624161073826,0.040229885057471264,0.040697674418604654,0.04046242774566474,original,SKAB,param_search,42,6,6,450,693,0.0034222222222222223,0.25
0.5006711409395973,0.03271028037383177,0.040697674418604654,0.03626943005181347,original,SKAB,param_search,42,6,6,450,693,0.0034222222222222223,0.5
0.4966442953020134,0.03225806451612903,0.040697674418604654,0.03598971722365039,original,SKAB,param_search,42,6,6,450,693,0.0034222222222222223,1.0
0.4966442953020134,0.03225806451612903,0.040697674418604654,0.03598971722365039,original,SKAB,param_search,42,6,6,450,693,0.0034222222222222223,2.0
0.48456375838926175,0.030973451327433628,0.040697674418604654,0.035175879396984924,original,SKAB,param_search,42,6,6,450,693,0.0034222222222222223,4.0
0.48053691275167787,0.03056768558951965,0.040697674418604654,0.034912718204488775,original,SKAB,param_search,42,6,6,450,693,0.0034222222222222223,6.0
0.48053691275167787,0.03056768558951965,0.040697674418604654,0.034912718204488775,original,SKAB,param_search,42,6,6,450,693,0.0034222222222222223,8.0
