dataset,scenario,order,smoothing_alpha,decision_mode,score_window,score_threshold,max_mapping_distance,dirichlet_alpha,dirichlet_prior_mode,accuracy_mean,accuracy_std,precision_mean,precision_std,recall_mean,recall_std,f1_score_mean,f1_score_std,transition_density_mean,num_states_mean,num_transitions_mean
BATADAL,gaussian_noise,3,0.1,avg_negative_log,5,3.912,,0.01,backoff,0.2917073170731707,0.012626516200531481,0.04478487651706427,0.0026346444932562126,0.9714285714285713,0.063887656499994,0.08562131033684454,0.005053561899240046,0.023245060949978982,366.0,553.0
BATADAL,gaussian_noise,3,0.1,avg_negative_log,5,3.912,,0.01,uniform,0.42536585365853663,0.013089178404876826,0.04140711129435596,0.0009220009323753032,0.7142857142857143,0.0,0.07827492751050358,0.001647222531634724,0.023245060949978982,366.0,553.0
BATADAL,gaussian_noise,3,0.1,avg_negative_log,5,3.912,,0.01,unigram,0.3697560975609756,0.015192596587704835,0.04334895442424687,0.0032251012490062494,0.8285714285714285,0.06388765649999395,0.08238574522190668,0.00612487843479074,0.023245060949978982,366.0,553.0
BATADAL,gaussian_noise,3,0.1,avg_negative_log,5,3.912,,0.05,backoff,0.344390243902439,0.014470631194332994,0.04305703701561951,0.0009065274096744289,0.8571428571428571,0.0,0.08199386743287561,0.0016445602209171708,0.023245060949978982,366.0,553.0
BATADAL,gaussian_noise,3,0.1,avg_negative_log,5,3.912,,0.05,uniform,0.6419512195121951,0.01272039493698079,0.060848086055263005,0.011803933732619667,0.6571428571428571,0.12777531299998798,0.11137658973955948,0.021587317920063277,0.023245060949978982,366.0,553.0
BATADAL,gaussian_noise,3,0.1,avg_negative_log,5,3.912,,0.05,unigram,0.4282926829268293,0.01353603602488939,0.04161502656706196,0.0009579349918395941,0.7142857142857143,0.0,0.0786462078305836,0.0017109579143336016,0.023245060949978982,366.0,553.0
BATADAL,gaussian_noise,3,0.1,avg_negative_log,5,3.912,,0.1,backoff,0.4136585365853659,0.014388176784148896,0.04060271724643476,0.0009557566024887843,0.7142857142857143,0.0,0.07683595304910082,0.001712908587219676,0.023245060949978982,366.0,553.0
BATADAL,gaussian_noise,3,0.1,avg_negative_log,5,3.912,,0.1,uniform,0.6692682926829269,0.01112366268389404,0.0657376283846872,0.012871894353354174,0.6571428571428571,0.12777531299998798,0.11951558989533673,0.023373710422898323,0.023245060949978982,366.0,553.0
BATADAL,gaussian_noise,3,0.1,avg_negative_log,5,3.912,,0.1,unigram,0.5609756097560975,0.011948730452600826,0.05188735614267529,0.0053229072314815995,0.6857142857142857,0.063887656499994,0.0964722645207925,0.009820600833443943,0.023245060949978982,366.0,553.0
BATADAL,gaussian_noise,3,0.1,avg_negative_log,5,3.912,,0.5,backoff,0.5599999999999999,0.011646181840305655,0.05177031858789145,0.005259308451659731,0.6857142857142857,0.063887656499994,0.09627000419872186,0.009710516250256797,0.023245060949978982,366.0,553.0
BATADAL,gaussian_noise,3,0.1,avg_negative_log,5,3.912,,0.5,uniform,0.831219512195122,0.008861415670529255,0.10287442090073669,0.023292337058280623,0.5142857142857142,0.12777531299998798,0.17137291648919556,0.03929196642939761,0.023245060949978982,366.0,553.0
BATADAL,gaussian_noise,3,0.1,avg_negative_log,5,3.912,,0.5,unigram,0.6741463414634147,0.011123662683893998,0.06669103959687174,0.0130612334827336,0.6571428571428571,0.12777531299998798,0.12108910529963161,0.023685060146277234,0.023245060949978982,366.0,553.0
BATADAL,gaussian_noise,3,0.1,avg_negative_log,5,3.912,,1.0,backoff,0.6331707317073171,0.01519259658770483,0.06184651194866606,0.007094077922920312,0.6857142857142857,0.063887656499994,0.11345367334462013,0.01280068547207139,0.023245060949978982,366.0,553.0
BATADAL,gaussian_noise,3,0.1,avg_negative_log,5,3.912,,1.0,uniform,0.8956097560975611,0.008162536844234899,0.16606060606060608,0.03877130327651383,0.5142857142857142,0.12777531299998798,0.2508466197009022,0.058983668490875545,0.023245060949978982,366.0,553.0
BATADAL,gaussian_noise,3,0.1,avg_negative_log,5,3.912,,1.0,unigram,0.6760975609756098,0.013179762035225624,0.0671303103438113,0.013361157960966702,0.6571428571428571,0.12777531299998798,0.12181021573955964,0.024169415163936437,0.023245060949978982,366.0,553.0
BATADAL,gaussian_noise,3,0.1,avg_negative_log,5,3.912,,2.0,backoff,0.6995121951219512,0.01272039493698079,0.07488413932260274,0.007946372282330437,0.6857142857142857,0.063887656499994,0.13501022030433796,0.014079862633904604,0.023245060949978982,366.0,553.0
BATADAL,gaussian_noise,3,0.1,avg_negative_log,5,3.912,,2.0,uniform,0.924878048780488,0.008162536844234899,0.23015873015873015,0.053754830095809794,0.5142857142857142,0.12777531299998798,0.317416149068323,0.07417346354957823,0.023245060949978982,366.0,553.0
BATADAL,gaussian_noise,3,0.1,avg_negative_log,5,3.912,,2.0,unigram,0.6848780487804877,0.01487604944583108,0.06901817132079661,0.01406875615390242,0.6571428571428571,0.12777531299998798,0.12490909085919089,0.025326369003218618,0.023245060949978982,366.0,553.0
BATADAL,gaussian_noise,3,0.1,avg_negative_log,5,3.912,,5.0,backoff,0.7473170731707317,0.013968605915391579,0.08531255660760889,0.017073726054940813,0.6571428571428571,0.12777531299998798,0.150996287617693,0.03003476616269459,0.023245060949978982,366.0,553.0
BATADAL,gaussian_noise,3,0.1,avg_negative_log,5,3.912,,5.0,uniform,0.9307317073170733,0.009383114176425034,0.23868131868131867,0.08946913628806831,0.48571428571428565,0.19166296949998196,0.3195355978880007,0.1213511939591177,0.023245060949978982,366.0,553.0
BATADAL,gaussian_noise,3,0.1,avg_negative_log,5,3.912,,5.0,unigram,0.6878048780487804,0.012906103956412585,0.0695891365365685,0.013965778156424401,0.6571428571428571,0.12777531299998798,0.12584641751533515,0.025165168726600802,0.023245060949978982,366.0,553.0
BATADAL,original,3,0.1,avg_negative_log,5,3.912,,0.01,backoff,0.28780487804878047,0.0,0.0457516339869281,0.0,1.0,0.0,0.0875,0.0,0.023245060949978982,366.0,553.0
BATADAL,original,3,0.1,avg_negative_log,5,3.912,,0.01,uniform,0.4292682926829269,0.0,0.041666666666666664,0.0,0.7142857142857143,0.0,0.07874015748031496,0.0,0.023245060949978982,366.0,553.0
BATADAL,original,3,0.1,avg_negative_log,5,3.912,,0.01,unigram,0.36097560975609755,0.0,0.04411764705882353,0.0,0.8571428571428571,0.0,0.08391608391608392,0.0,0.023245060949978982,366.0,553.0
BATADAL,original,3,0.1,avg_negative_log,5,3.912,,0.05,backoff,0.34146341463414637,0.0,0.04285714285714286,0.0,0.8571428571428571,0.0,0.08163265306122448,0.0,0.023245060949978982,366.0,553.0
BATADAL,original,3,0.1,avg_negative_log,5,3.912,,0.05,uniform,0.6439024390243903,0.0,0.06578947368421052,0.0,0.7142857142857143,0.0,0.12048192771084336,0.0,0.023245060949978982,366.0,553.0
BATADAL,original,3,0.1,avg_negative_log,5,3.912,,0.05,unigram,0.4292682926829269,0.0,0.041666666666666664,0.0,0.7142857142857143,0.0,0.07874015748031496,0.0,0.023245060949978982,366.0,553.0
BATADAL,original,3,0.1,avg_negative_log,5,3.912,,0.1,backoff,0.41463414634146345,0.0,0.04065040650406504,0.0,0.7142857142857143,0.0,0.07692307692307693,0.0,0.023245060949978982,366.0,553.0
BATADAL,original,3,0.1,avg_negative_log,5,3.912,,0.1,uniform,0.6682926829268293,0.0,0.07042253521126761,0.0,0.7142857142857143,0.0,0.1282051282051282,0.0,0.023245060949978982,366.0,553.0
BATADAL,original,3,0.1,avg_negative_log,5,3.912,,0.1,unigram,0.5707317073170731,0.0,0.05494505494505495,0.0,0.7142857142857143,0.0,0.10204081632653061,0.0,0.023245060949978982,366.0,553.0
BATADAL,original,3,0.1,avg_negative_log,5,3.912,,0.5,backoff,0.5560975609756098,0.0,0.05319148936170213,0.0,0.7142857142857143,0.0,0.09900990099009901,0.0,0.023245060949978982,366.0,553.0
BATADAL,original,3,0.1,avg_negative_log,5,3.912,,0.5,uniform,0.8439024390243903,0.0,0.12121212121212122,0.0,0.5714285714285714,0.0,0.2,0.0,0.023245060949978982,366.0,553.0
BATADAL,original,3,0.1,avg_negative_log,5,3.912,,0.5,unigram,0.6731707317073171,0.0,0.07142857142857142,0.0,0.7142857142857143,0.0,0.12987012987012986,0.0,0.023245060949978982,366.0,553.0
BATADAL,original,3,0.1,avg_negative_log,5,3.912,,1.0,backoff,0.6390243902439025,0.0,0.06493506493506493,0.0,0.7142857142857143,0.0,0.11904761904761904,0.0,0.023245060949978982,366.0,553.0
BATADAL,original,3,0.1,avg_negative_log,5,3.912,,1.0,uniform,0.9073170731707318,0.0,0.2,0.0,0.5714285714285714,0.0,0.2962962962962963,0.0,0.023245060949978982,366.0,553.0
BATADAL,original,3,0.1,avg_negative_log,5,3.912,,1.0,unigram,0.6731707317073171,0.0,0.07142857142857142,0.0,0.7142857142857143,0.0,0.12987012987012986,0.0,0.023245060949978982,366.0,553.0
BATADAL,original,3,0.1,avg_negative_log,5,3.912,,2.0,backoff,0.7024390243902439,0.0,0.078125,0.0,0.7142857142857143,0.0,0.14084507042253522,0.0,0.023245060949978982,366.0,553.0
BATADAL,original,3,0.1,avg_negative_log,5,3.912,,2.0,uniform,0.9365853658536587,0.0,0.2857142857142857,0.0,0.5714285714285714,0.0,0.38095238095238093,0.0,0.023245060949978982,366.0,553.0
BATADAL,original,3,0.1,avg_negative_log,5,3.912,,2.0,unigram,0.6829268292682927,0.0,0.07352941176470588,0.0,0.7142857142857143,0.0,0.13333333333333333,0.0,0.023245060949978982,366.0,553.0
BATADAL,original,3,0.1,avg_negative_log,5,3.912,,5.0,backoff,0.751219512195122,0.0,0.09259259259259259,0.0,0.7142857142857143,0.0,0.16393442622950818,0.0,0.023245060949978982,366.0,553.0
BATADAL,original,3,0.1,avg_negative_log,5,3.912,,5.0,uniform,0.9414634146341463,0.0,0.3076923076923077,0.0,0.5714285714285714,0.0,0.4,0.0,0.023245060949978982,366.0,553.0
BATADAL,original,3,0.1,avg_negative_log,5,3.912,,5.0,unigram,0.6878048780487804,0.0,0.07462686567164178,0.0,0.7142857142857143,0.0,0.13513513513513514,0.0,0.023245060949978982,366.0,553.0
BATADAL,unseen_data,3,0.1,avg_negative_log,5,3.912,,0.01,backoff,0.25,0.0,0.07692307692307693,0.0,1.0,0.0,0.14285714285714285,0.0,0.023245060949978982,366.0,553.0
BATADAL,unseen_data,3,0.1,avg_negative_log,5,3.912,,0.01,uniform,0.25,0.0,0.07692307692307693,0.0,1.0,0.0,0.14285714285714285,0.0,0.023245060949978982,366.0,553.0
BATADAL,unseen_data,3,0.1,avg_negative_log,5,3.912,,0.01,unigram,0.25,0.0,0.07692307692307693,0.0,1.0,0.0,0.14285714285714285,0.0,0.023245060949978982,366.0,553.0
BATADAL,unseen_data,3,0.1,avg_negative_log,5,3.912,,0.05,backoff,0.25,0.0,0.07692307692307693,0.0,1.0,0.0,0.14285714285714285,0.0,0.023245060949978982,366.0,553.0
BATADAL,unseen_data,3,0.1,avg_negative_log,5,3.912,,0.05,uniform,0.25,0.0,0.07692307692307693,0.0,1.0,0.0,0.14285714285714285,0.0,0.023245060949978982,366.0,553.0
BATADAL,unseen_data,3,0.1,avg_negative_log,5,3.912,,0.05,unigram,0.25,0.0,0.07692307692307693,0.0,1.0,0.0,0.14285714285714285,0.0,0.023245060949978982,366.0,553.0
BATADAL,unseen_data,3,0.1,avg_negative_log,5,3.912,,0.1,backoff,0.25,0.0,0.07692307692307693,0.0,1.0,0.0,0.14285714285714285,0.0,0.023245060949978982,366.0,553.0
BATADAL,unseen_data,3,0.1,avg_negative_log,5,3.912,,0.1,uniform,0.25,0.0,0.07692307692307693,0.0,1.0,0.0,0.14285714285714285,0.0,0.023245060949978982,366.0,553.0
BATADAL,unseen_data,3,0.1,avg_negative_log,5,3.912,,0.1,unigram,0.25,0.0,0.07692307692307693,0.0,1.0,0.0,0.14285714285714285,0.0,0.023245060949978982,366.0,553.0
BATADAL,unseen_data,3,0.1,avg_negative_log,5,3.912,,0.5,backoff,0.25,0.0,0.07692307692307693,0.0,1.0,0.0,0.14285714285714285,0.0,0.023245060949978982,366.0,553.0
BATADAL,unseen_data,3,0.1,avg_negative_log,5,3.912,,0.5,uniform,0.4375,0.0,0.1,0.0,1.0,0.0,0.18181818181818182,0.0,0.023245060949978982,366.0,553.0
BATADAL,unseen_data,3,0.1,avg_negative_log,5,3.912,,0.5,unigram,0.25,0.0,0.07692307692307693,0.0,1.0,0.0,0.14285714285714285,0.0,0.023245060949978982,366.0,553.0
BATADAL,unseen_data,3,0.1,avg_negative_log,5,3.912,,1.0,backoff,0.25,0.0,0.07692307692307693,0.0,1.0,0.0,0.14285714285714285,0.0,0.023245060949978982,366.0,553.0
BATADAL,unseen_data,3,0.1,avg_negative_log,5,3.912,,1.0,uniform,0.5,0.0,0.11111111111111112,0.0,1.0,0.0,0.2,0.0,0.023245060949978982,366.0,553.0
BATADAL,unseen_data,3,0.1,avg_negative_log,5,3.912,,1.0,unigram,0.3125,0.0,0.08333333333333333,0.0,1.0,0.0,0.15384615384615385,0.0,0.023245060949978982,366.0,553.0
BATADAL,unseen_data,3,0.1,avg_negative_log,5,3.912,,2.0,backoff,0.25,0.0,0.07692307692307693,0.0,1.0,0.0,0.14285714285714285,0.0,0.023245060949978982,366.0,553.0
BATADAL,unseen_data,3,0.1,avg_negative_log,5,3.912,,2.0,uniform,0.5625,0.0,0.125,0.0,1.0,0.0,0.22222222222222224,0.0,0.023245060949978982,366.0,553.0
BATADAL,unseen_data,3,0.1,avg_negative_log,5,3.912,,2.0,unigram,0.3125,0.0,0.08333333333333333,0.0,1.0,0.0,0.15384615384615385,0.0,0.023245060949978982,366.0,553.0
BATADAL,unseen_data,3,0.1,avg_negative_log,5,3.912,,5.0,backoff,0.3125,0.0,0.08333333333333333,0.0,1.0,0.0,0.15384615384615385,0.0,0.023245060949978982,366.0,553.0
BATADAL,unseen_data,3,0.1,avg_negative_log,5,3.912,,5.0,uniform,0.625,0.0,0.14285714285714285,0.0,1.0,0.0,0.25,0.0,0.023245060949978982,366.0,553.0
BATADAL,unseen_data,3,0.1,avg_negative_log,5,3.912,,5.0,unigram,0.3125,0.0,0.08333333333333333,0.0,1.0,0.0,0.15384615384615385,0.0,0.023245060949978982,366.0,553.0
SKAB,gaussian_noise,3,0.5,avg_negative_log,10,0.2231,,0.01,backoff,0.5968378940000838,0.14988724991959892,0.48626452674200155,0.19691049047105808,0.5595595345605239,0.30773851518539524,0.4757785753291228,0.19830339122697382,0.05091218372849919,233.6,423.2
SKAB,gaussian_noise,3,0.5,avg_negative_log,10,0.2231,,0.01,uniform,0.5968021477981178,0.14984291808513503,0.48619496878583957,0.19685394273814763,0.5596590370480861,0.3078177107837149,0.47577325667469256,0.1982927713970336,0.05091218372849919,233.6,423.2
SKAB,gaussian_noise,3,0.5,avg_negative_log,10,0.2231,,0.01,unigram,0.5968021477981178,0.14984291808513503,0.48619496878583957,0.19685394273814763,0.5596590370480861,0.3078177107837149,0.47577325667469256,0.1982927713970336,0.05091218372849919,233.6,423.2
SKAB,gaussian_noise,3,0.5,avg_negative_log,10,0.2231,,0.05,backoff,0.5968378940000838,0.14988724991959892,0.48626452674200155,0.19691049047105808,0.5595595345605239,0.30773851518539524,0.4757785753291228,0.19830339122697382,0.05091218372849919,233.6,423.2
SKAB,gaussian_noise,3,0.5,avg_negative_log,10,0.2231,,0.05,uniform,0.5968020204741571,0.14985756125466362,0.4862605877156916,0.19694399648072092,0.5597587876715274,0.3077049373299726,0.4758733494787278,0.19819196815304596,0.05091218372849919,233.6,423.2
SKAB,gaussian_noise,3,0.5,avg_negative_log,10,0.2231,,0.05,unigram,0.5968377666761231,0.14986370269536198,0.4862950626238127,0.19694247037108825,0.5597587876715274,0.3077049373299726,0.4758966676552464,0.19820176779808032,0.05091218372849919,233.6,423.2
SKAB,gaussian_noise,3,0.5,avg_negative_log,10,0.2231,,0.1,backoff,0.5967306553941857,0.1497664090387581,0.48617831945298534,0.1968461450541541,0.5592610270978373,0.30748551183736655,0.47561005454954114,0.19809865305160732,0.05091218372849919,233.6,423.2
SKAB,gaussian_noise,3,0.5,avg_negative_log,10,0.2231,,0.1,uniform,0.5966236687343742,0.14984250030180227,0.48610627205619095,0.1969588257602672,0.5598590382980938,0.30773056915522284,0.4758004975990383,0.198156724275184,0.05091218372849919,233.6,423.2
SKAB,gaussian_noise,3,0.5,avg_negative_log,10,0.2231,,0.1,unigram,0.5966236687343742,0.14984250030180227,0.48610627205619095,0.1969588257602672,0.5598590382980938,0.30773056915522284,0.4758004975990383,0.198156724275184,0.05091218372849919,233.6,423.2
SKAB,gaussian_noise,3,0.5,avg_negative_log,10,0.2231,,0.5,backoff,0.5968007526382195,0.14986013911046733,0.4872123916376966,0.19831161921095908,0.5592610270978373,0.30748551183736655,0.4756661968130114,0.1979982472791945,0.05091218372849919,233.6,423.2
SKAB,gaussian_noise,3,0.5,avg_negative_log,10,0.2231,,0.5,uniform,0.5958717051909352,0.1499391074554547,0.4856158442391192,0.19716425906204288,0.561460052035773,0.30823125548960034,0.4760933264795267,0.1977759875393075,0.05091218372849919,233.6,423.2
SKAB,gaussian_noise,3,0.5,avg_negative_log,10,0.2231,,0.5,unigram,0.5958359589889691,0.14989965673788505,0.4855865665485677,0.19714282737423824,0.5613605495482108,0.3081519352494946,0.47603653405821283,0.19770894380310616,0.05091218372849919,233.6,423.2
SKAB,gaussian_noise,3,0.5,avg_negative_log,10,0.2231,,1.0,backoff,0.596872624312199,0.14998407092270372,0.4873388357270337,0.1984290015643635,0.5592610270978373,0.30748551183736655,0.47573892497720316,0.1980964725201626,0.05091218372849919,233.6,423.2
SKAB,gaussian_noise,3,0.5,avg_negative_log,10,0.2231,,1.0,uniform,0.595521009998214,0.14979149520470875,0.4860248012398683,0.19617359313722682,0.5647683227124647,0.3088563981729532,0.4773173974462154,0.19674385677092546,0.05091218372849919,233.6,423.2
SKAB,gaussian_noise,3,0.5,avg_negative_log,10,0.2231,,1.0,unigram,0.5952352668623577,0.15014010929892876,0.485625016484386,0.19676906621761728,0.5632645633139685,0.3081914412530144,0.47660777090314016,0.19712221213155098,0.05091218372849919,233.6,423.2
SKAB,gaussian_noise,3,0.5,avg_negative_log,10,0.2231,,2.0,backoff,0.5966946518424635,0.1499776754997523,0.4871786022457242,0.19844702442788487,0.558960275218138,0.30739762020684636,0.47551544833114306,0.19799867240769178,0.05091218372849919,233.6,423.2
SKAB,gaussian_noise,3,0.5,avg_negative_log,10,0.2231,,2.0,uniform,0.5936582429387657,0.1515452388725194,0.48554228539875643,0.19589025449597441,0.5693731182834818,0.31100676903758756,0.4783088634385947,0.19639910734436367,0.05091218372849919,233.6,423.2
SKAB,gaussian_noise,3,0.5,avg_negative_log,10,0.2231,,2.0,unigram,0.5940850281541185,0.15135625292627022,0.4856395022502164,0.19626556281052504,0.5681745995987102,0.3110978583000702,0.4779713851545912,0.19680768160464607,0.05091218372849919,233.6,423.2
SKAB,gaussian_noise,3,0.5,avg_negative_log,10,0.2231,,5.0,backoff,0.5965544747151064,0.14969630830235278,0.48727351995259643,0.1979708307071323,0.5598625308572358,0.3068920190651213,0.47589280818994273,0.19738924887688472,0.05091218372849919,233.6,423.2
SKAB,gaussian_noise,3,0.5,avg_negative_log,10,0.2231,,5.0,uniform,0.5906933318426695,0.15243233001198075,0.4816836233506496,0.1927101545439184,0.5768754487551369,0.31453268392169104,0.4796021899283126,0.19592255570432704,0.05091218372849919,233.6,423.2
SKAB,gaussian_noise,3,0.5,avg_negative_log,10,0.2231,,5.0,unigram,0.5911210283882923,0.15164549045808587,0.4815826238611601,0.19280885856029314,0.5750776707279793,0.3141992150464244,0.4789627068498115,0.19595325121463492,0.05091218372849919,233.6,423.2
SKAB,original,3,0.5,avg_negative_log,10,0.2231,,0.01,backoff,0.6011047293664372,0.14424807758931765,0.49793146127095494,0.2030767881364,0.5594814725054718,0.3044286430757835,0.4783897337120018,0.190921189430952,0.05091218372849919,233.6,423.2
SKAB,original,3,0.5,avg_negative_log,10,0.2231,,0.01,uniform,0.6011047293664372,0.14424807758931765,0.4978334220552687,0.20301272931848482,0.5599789849432828,0.3048285093090974,0.47852121668639613,0.1910799743123059,0.05091218372849919,233.6,423.2
SKAB,original,3,0.5,avg_negative_log,10,0.2231,,0.01,unigram,0.6011047293664372,0.14424807758931765,0.4978334220552687,0.20301272931848482,0.5599789849432828,0.3048285093090974,0.47852121668639613,0.1910799743123059,0.05091218372849919,233.6,423.2
SKAB,original,3,0.5,avg_negative_log,10,0.2231,,0.05,backoff,0.6011047293664372,0.14424807758931765,0.49793146127095494,0.2030767881364,0.5594814725054718,0.3044286430757835,0.4783897337120018,0.190921189430952,0.05091218372849919,233.6,423.2
SKAB,original,3,0.5,avg_negative_log,10,0.2231,,0.05,uniform,0.6011047293664372,0.14424807758931765,0.4978334220552687,0.20301272931848482,0.5599789849432828,0.3048285093090974,0.47852121668639613,0.1910799743123059,0.05091218372849919,233.6,423.2
SKAB,original,3,0.5,avg_negative_log,10,0.2231,,0.05,unigram,0.6011047293664372,0.14424807758931765,0.4978334220552687,0.20301272931848482,0.5599789849432828,0.3048285093090974,0.47852121668639613,0.1910799743123059,0.05091218372849919,233.6,423.2
SKAB,original,3,0.5,avg_negative_log,10,0.2231,,0.1,backoff,0.6011047293664372,0.14424807758931765,0.49793146127095494,0.2030767881364,0.5594814725054718,0.3044286430757835,0.4783897337120018,0.190921189430952,0.05091218372849919,233.6,423.2
SKAB,original,3,0.5,avg_negative_log,10,0.2231,,0.1,uniform,0.600925998356607,0.14423658464770706,0.4976585498464982,0.2030423579999793,0.5599789849432828,0.3048285093090974,0.478407106526203,0.19104735440990844,0.05091218372849919,233.6,423.2
SKAB,original,3,0.5,avg_negative_log,10,0.2231,,0.1,unigram,0.600925998356607,0.14423658464770706,0.4976585498464982,0.2030423579999793,0.5599789849432828,0.3048285093090974,0.478407106526203,0.19104735440990844,0.05091218372849919,233.6,423.2
SKAB,original,3,0.5,avg_negative_log,10,0.2231,,0.5,backoff,0.601280927406227,0.1443592641014635,0.49916723995611983,0.20487104678147497,0.5594814725054718,0.3044286430757835,0.4785136166194941,0.1908767929042584,0.05091218372849919,233.6,423.2
SKAB,original,3,0.5,avg_negative_log,10,0.2231,,0.5,uniform,0.6002055808765634,0.14481853446029516,0.4973674758171778,0.20370594353020552,0.5614802443261538,0.30503240880984844,0.47890129655005986,0.19064789815376995,0.05091218372849919,233.6,423.2
SKAB,original,3,0.5,avg_negative_log,10,0.2231,,0.5,unigram,0.6002055808765634,0.14481853446029516,0.4973674758171778,0.20370594353020552,0.5614802443261538,0.30503240880984844,0.47890129655005986,0.19064789815376995,0.05091218372849919,233.6,423.2
SKAB,original,3,0.5,avg_negative_log,10,0.2231,,1.0,backoff,0.6014596584160572,0.14455801628831472,0.4994130121353255,0.20502945654537436,0.5594814725054718,0.3044286430757835,0.4786671976081898,0.19106222778422924,0.05091218372849919,233.6,423.2
SKAB,original,3,0.5,avg_negative_log,10,0.2231,,1.0,uniform,0.6002099056372601,0.14448536047962804,0.4979889452801256,0.20268891143752027,0.5654902693888105,0.30615586824583835,0.4805337903528024,0.1898038506915925,0.05091218372849919,233.6,423.2
SKAB,original,3,0.5,avg_negative_log,10,0.2231,,1.0,unigram,0.5998538079076138,0.14484289528946184,0.49754785669560236,0.20326797542779343,0.5634852568574822,0.30475032268677754,0.4796692632594129,0.19002669635730526,0.05091218372849919,233.6,423.2
SKAB,original,3,0.5,avg_negative_log,10,0.2231,,2.0,backoff,0.6012828237564639,0.1445621295088893,0.4992815280618641,0.2050518346786944,0.5589802193726396,0.3037600481044779,0.47844018068684446,0.19088107850203373,0.05091218372849919,233.6,423.2
SKAB,original,3,0.5,avg_negative_log,10,0.2231,,2.0,uniform,0.5986040551288165,0.14534538940573447,0.4975231131752168,0.20231576006619217,0.5699978068892781,0.3082629514846399,0.4814732730026517,0.18918149106185175,0.05091218372849919,233.6,423.2
SKAB,original,3,0.5,avg_negative_log,10,0.2231,,2.0,unigram,0.5991364554578332,0.14514944737761507,0.49767393923143805,0.20255553158742534,0.5689990413186351,0.30847738249563184,0.48125946092597494,0.18963944770218644,0.05091218372849919,233.6,423.2
SKAB,original,3,0.5,avg_negative_log,10,0.2231,,5.0,backoff,0.6012852521669236,0.14440694949462377,0.4995456801328986,0.204705124155114,0.5599827256383039,0.30326220409549565,0.4789745644278818,0.19041293575942725,0.05091218372849919,233.6,423.2
SKAB,original,3,0.5,avg_negative_log,10,0.2231,,5.0,uniform,0.5960986286298573,0.14681851670073948,0.4950178722985972,0.2006388601476487,0.5774954003910285,0.3116041824521003,0.4831004786277605,0.1890298693584836,0.05091218372849919,233.6,423.2
SKAB,original,3,0.5,avg_negative_log,10,0.2231,,5.0,unigram,0.5964547263595036,0.1462663288287437,0.49496287115576193,0.20088913140698886,0.5754978692497424,0.3113156223143276,0.482386467511908,0.18913919210562624,0.05091218372849919,233.6,423.2
SKAB,unseen_data,3,0.5,avg_negative_log,10,0.2231,,0.01,backoff,0.5478260869565217,0.4667589250779106,0.14285714285714288,0.29160592175990213,0.2,0.408248290463863,0.16666666666666669,0.34020690871988585,0.05091218372849919,233.6,423.2
SKAB,unseen_data,3,0.5,avg_negative_log,10,0.2231,,0.01,uniform,0.5478260869565217,0.4667589250779106,0.14285714285714288,0.29160592175990213,0.2,0.408248290463863,0.16666666666666669,0.34020690871988585,0.05091218372849919,233.6,423.2
SKAB,unseen_data,3,0.5,avg_negative_log,10,0.2231,,0.01,unigram,0.5478260869565217,0.4667589250779106,0.14285714285714288,0.29160592175990213,0.2,0.408248290463863,0.16666666666666669,0.34020690871988585,0.05091218372849919,233.6,423.2
SKAB,unseen_data,3,0.5,avg_negative_log,10,0.2231,,0.05,backoff,0.5478260869565217,0.4667589250779106,0.14285714285714288,0.29160592175990213,0.2,0.408248290463863,0.16666666666666669,0.34020690871988585,0.05091218372849919,233.6,423.2
SKAB,unseen_data,3,0.5,avg_negative_log,10,0.2231,,0.05,uniform,0.5478260869565217,0.4667589250779106,0.14285714285714288,0.29160592175990213,0.2,0.408248290463863,0.16666666666666669,0.34020690871988585,0.05091218372849919,233.6,423.2
SKAB,unseen_data,3,0.5,avg_negative_log,10,0.2231,,0.05,unigram,0.5478260869565217,0.4667589250779106,0.14285714285714288,0.29160592175990213,0.2,0.408248290463863,0.16666666666666669,0.34020690871988585,0.05091218372849919,233.6,423.2
SKAB,unseen_data,3,0.5,avg_negative_log,10,0.2231,,0.1,backoff,0.5478260869565217,0.4667589250779106,0.14285714285714288,0.29160592175990213,0.2,0.408248290463863,0.16666666666666669,0.34020690871988585,0.05091218372849919,233.6,423.2
SKAB,unseen_data,3,0.5,avg_negative_log,10,0.2231,,0.1,uniform,0.5478260869565217,0.4667589250779106,0.14285714285714288,0.29160592175990213,0.2,0.408248290463863,0.16666666666666669,0.34020690871988585,0.05091218372849919,233.6,423.2
SKAB,unseen_data,3,0.5,avg_negative_log,10,0.2231,,0.1,unigram,0.5478260869565217,0.4667589250779106,0.14285714285714288,0.29160592175990213,0.2,0.408248290463863,0.16666666666666669,0.34020690871988585,0.05091218372849919,233.6,423.2
SKAB,unseen_data,3,0.5,avg_negative_log,10,0.2231,,0.5,backoff,0.5478260869565217,0.4667589250779106,0.14285714285714288,0.29160592175990213,0.2,0.408248290463863,0.16666666666666669,0.34020690871988585,0.05091218372849919,233.6,423.2
SKAB,unseen_data,3,0.5,avg_negative_log,10,0.2231,,0.5,uniform,0.5478260869565217,0.4667589250779106,0.14285714285714288,0.29160592175990213,0.2,0.408248290463863,0.16666666666666669,0.34020690871988585,0.05091218372849919,233.6,423.2
SKAB,unseen_data,3,0.5,avg_negative_log,10,0.2231,,0.5,unigram,0.5478260869565217,0.4667589250779106,0.14285714285714288,0.29160592175990213,0.2,0.408248290463863,0.16666666666666669,0.34020690871988585,0.05091218372849919,233.6,423.2
SKAB,unseen_data,3,0.5,avg_negative_log,10,0.2231,,1.0,backoff,0.5478260869565217,0.4667589250779106,0.14285714285714288,0.29160592175990213,0.2,0.408248290463863,0.16666666666666669,0.34020690871988585,0.05091218372849919,233.6,423.2
SKAB,unseen_data,3,0.5,avg_negative_log,10,0.2231,,1.0,uniform,0.5478260869565217,0.4667589250779106,0.14285714285714288,0.29160592175990213,0.2,0.408248290463863,0.16666666666666669,0.34020690871988585,0.05091218372849919,233.6,423.2
SKAB,unseen_data,3,0.5,avg_negative_log,10,0.2231,,1.0,unigram,0.5478260869565217,0.4667589250779106,0.14285714285714288,0.29160592175990213,0.2,0.408248290463863,0.16666666666666669,0.34020690871988585,0.05091218372849919,233.6,423.2
SKAB,unseen_data,3,0.5,avg_negative_log,10,0.2231,,2.0,backoff,0.5478260869565217,0.4667589250779106,0.14285714285714288,0.29160592175990213,0.2,0.408248290463863,0.16666666666666669,0.34020690871988585,0.05091218372849919,233.6,423.2
SKAB,unseen_data,3,0.5,avg_negative_log,10,0.2231,,2.0,uniform,0.5478260869565217,0.4667589250779106,0.14285714285714288,0.29160592175990213,0.2,0.408248290463863,0.16666666666666669,0.34020690871988585,0.05091218372849919,233.6,423.2
SKAB,unseen_data,3,0.5,avg_negative_log,10,0.2231,,2.0,unigram,0.5478260869565217,0.4667589250779106,0.14285714285714288,0.29160592175990213,0.2,0.408248290463863,0.16666666666666669,0.34020690871988585,0.05091218372849919,233.6,423.2
SKAB,unseen_data,3,0.5,avg_negative_log,10,0.2231,,5.0,backoff,0.5478260869565217,0.4667589250779106,0.14285714285714288,0.29160592175990213,0.2,0.408248290463863,0.16666666666666669,0.34020690871988585,0.05091218372849919,233.6,423.2
SKAB,unseen_data,3,0.5,avg_negative_log,10,0.2231,,5.0,uniform,0.5478260869565217,0.4667589250779106,0.14285714285714288,0.29160592175990213,0.2,0.408248290463863,0.16666666666666669,0.34020690871988585,0.05091218372849919,233.6,423.2
SKAB,unseen_data,3,0.5,avg_negative_log,10,0.2231,,5.0,unigram,0.5478260869565217,0.4667589250779106,0.14285714285714288,0.29160592175990213,0.2,0.408248290463863,0.16666666666666669,0.34020690871988585,0.05091218372849919,233.6,423.2
