fold,seed,window_size,alphabet_size,merge_alpha,min_state_count,smoothing_alpha,distance_penalty,min_anomaly_run,min_validation_recall,selected_threshold,minimum_block_length,minimum_sum_margin,baseline_selected,block_validation_precision,block_validation_recall,block_validation_f1,test_removed_true_positive_count,test_removed_false_positive_count,length_candidates,sum_margin_candidates
1,42,4,3,0.01,10,1.0,0.0,7,0.7,-0.030764417773082642,7,5.0068113207695895,False,0.4953789279112754,0.9115646258503401,0.6419161676646706,142,351,"[7, 8, 9, 10, 12, 15]","[0.0, 0.3467990145712656, 1.4361241559211069, 3.3448967682213118, 5.0068113207695895, 5.849678168580184, 6.156025074985606, 6.345740363499309, 6.748559009886638]"
1,123,4,3,0.01,10,1.0,0.0,7,0.7,-0.030764417773082642,7,5.0068113207695895,False,0.4953789279112754,0.9115646258503401,0.6419161676646706,142,351,"[7, 8, 9, 10, 12, 15]","[0.0, 0.3467990145712656, 1.4361241559211069, 3.3448967682213118, 5.0068113207695895, 5.849678168580184, 6.156025074985606, 6.345740363499309, 6.748559009886638]"
1,2026,4,3,0.01,5,0.1,1.0,8,0.7,-0.0013683031823821697,13,0.0,False,0.41480206540447506,0.8197278911564626,0.5508571428571428,8,47,"[8, 9, 10, 11, 13, 16]","[0.0, 0.44081940180878193, 0.8211027004923469, 1.2276738726784926, 1.5774806744568737, 1.9317470462739288, 2.286013418090984, 3.2587431073029465]"
1,7,4,3,0.01,5,0.1,1.0,8,0.7,-0.0013683031823821697,13,0.0,False,0.41480206540447506,0.8197278911564626,0.5508571428571428,8,47,"[8, 9, 10, 11, 13, 16]","[0.0, 0.44081940180878193, 0.8211027004923469, 1.2276738726784926, 1.5774806744568737, 1.9317470462739288, 2.286013418090984, 3.2587431073029465]"
1,999,4,3,0.01,10,1.0,0.0,7,0.7,-0.030764417773082642,7,5.0068113207695895,False,0.4953789279112754,0.9115646258503401,0.6419161676646706,142,351,"[7, 8, 9, 10, 12, 15]","[0.0, 0.3467990145712656, 1.4361241559211069, 3.3448967682213118, 5.0068113207695895, 5.849678168580184, 6.156025074985606, 6.345740363499309, 6.748559009886638]"
2,42,4,3,0.01,2,0.1,0.0,4,0.7,-0.04838031354600325,4,4.102933569665197,False,0.4090909090909091,0.8907849829351536,0.560687432867884,92,217,"[4, 5, 6, 7, 9, 12]","[0.0, 0.41328085612421, 0.8861673899702041, 1.122777973002353, 1.1767282138501898, 2.3686328299826513, 4.102933569665197, 6.373592049449898, 15.389424754548045]"
2,123,4,3,0.01,2,0.1,0.0,4,0.7,-0.04838031354600325,4,4.102933569665197,False,0.4090909090909091,0.8907849829351536,0.560687432867884,92,217,"[4, 5, 6, 7, 9, 12]","[0.0, 0.41328085612421, 0.8861673899702041, 1.122777973002353, 1.1767282138501898, 2.3686328299826513, 4.102933569665197, 6.373592049449898, 15.389424754548045]"
2,2026,4,3,0.1,10,0.5,0.0,1,0.7,-2.1133979164151095,1,0.0,True,0.3589435774309724,1.0,0.5282685512367491,0,0,"[1, 2, 3, 4, 6, 9]","[0.0, 454.0109976769852, 492.90651033280994, 531.8020229886347, 536.9214490715631, 542.0408751544915, 544.6005881959557, 547.1603012374197, 552.2797273203481]"
2,7,4,3,0.1,10,0.5,0.0,1,0.7,-2.1133979164151095,1,0.0,True,0.3589435774309724,1.0,0.5282685512367491,0,0,"[1, 2, 3, 4, 6, 9]","[0.0, 454.0109976769852, 492.90651033280994, 531.8020229886347, 536.9214490715631, 542.0408751544915, 544.6005881959557, 547.1603012374197, 552.2797273203481]"
2,999,4,3,0.01,2,0.1,0.0,1,0.7,-4.4788379426633576,1,0.0,True,0.3581730769230769,1.0,0.5274336283185841,0,0,"[1, 2, 3, 4, 6, 9]","[0.0, 1079.5616514699036, 1142.4474628628072, 1205.333274255711, 1209.4053866007623, 1213.4774989458135, 1215.5135551183394, 1217.549611290865, 1221.6217236359162]"
3,42,4,3,0.01,5,0.1,2.0,3,0.7,0.023053437022547953,3,0.0,True,0.5236907730673317,0.7023411371237458,0.6,0,0,"[3, 4, 5, 6, 8, 11]","[0.0, 0.9757132641473839, 1.7538729930472958, 2.0176494682371944, 3.289185313664706]"
3,123,4,3,0.05,2,0.1,0.0,5,0.7,-0.19576886046408415,5,17.033088821399133,False,0.47540983606557374,0.8877551020408163,0.6192170818505338,126,208,"[5, 6, 7, 8, 10, 13]","[0.0, 1.099425623775207, 2.0270114214938113, 2.3797501203371456, 2.948191005895694, 12.884295060534763, 15.99774431930182, 17.033088821399133, 38.7487760705171]"
3,2026,4,3,0.01,10,0.1,0.0,8,0.7,-3.2271176297633044,8,0.0,True,0.36621454993834773,0.9966442953020134,0.5356176735798016,0,0,"[8, 9, 10, 11, 13, 16]","[0.0, 58.51812362456839, 217.2785757284703, 239.20604152497776, 256.8596829191134, 562.3514145744095, 715.0972804020575, 867.8431462297056, 875.5641207433015]"
3,7,4,3,0.05,2,0.1,0.0,5,0.7,-0.19576886046408415,5,17.033088821399133,False,0.47540983606557374,0.8877551020408163,0.6192170818505338,126,208,"[5, 6, 7, 8, 10, 13]","[0.0, 1.099425623775207, 2.0270114214938113, 2.3797501203371456, 2.948191005895694, 12.884295060534763, 15.99774431930182, 17.033088821399133, 38.7487760705171]"
3,999,4,3,0.01,5,0.1,2.0,3,0.7,0.023053437022547953,3,0.0,True,0.5236907730673317,0.7023411371237458,0.6,0,0,"[3, 4, 5, 6, 8, 11]","[0.0, 0.9757132641473839, 1.7538729930472958, 2.0176494682371944, 3.289185313664706]"
4,42,4,3,0.01,10,0.1,0.0,5,0.7,0.012653297886790427,5,0.0,True,0.400974025974026,0.8372881355932204,0.5422612513721186,0,0,"[5, 6, 7, 8, 10, 13]","[0.0, 0.43079211493672903, 0.6751830835221075, 0.7089199340226973, 0.7631210207866732, 1.0565205571602858, 1.3499200935338984, 3.465417058601229]"
4,123,4,3,0.05,10,1.0,0.0,8,0.7,-0.11973807049218688,8,10.569931140401016,False,0.4921190893169877,0.9525423728813559,0.648960739030023,90,174,"[8, 9, 10, 11, 13, 16]","[0.0, 1.0817045635554212, 1.6458596209233907, 7.418452972054401, 10.569931140401016, 12.971814754042134, 15.896807508024796, 19.511420640872302, 25.41335157060348]"
4,2026,4,3,0.05,10,0.1,0.0,8,0.7,-0.07591201549612603,13,0.0,False,0.39228723404255317,0.9966216216216216,0.5629770992366412,12,40,"[8, 9, 10, 11, 13, 16]","[0.0, 0.4421931749385602, 0.657105777796841, 3.04609490877944, 3.52534404530071, 6.860498144886188, 9.004059355189632, 13.525196999874858, 20.420767441402656]"
4,7,4,3,0.05,10,0.1,0.0,8,0.7,-0.07591201549612603,13,0.0,False,0.39228723404255317,0.9966216216216216,0.5629770992366412,12,40,"[8, 9, 10, 11, 13, 16]","[0.0, 0.4421931749385602, 0.657105777796841, 3.04609490877944, 3.52534404530071, 6.860498144886188, 9.004059355189632, 13.525196999874858, 20.420767441402656]"
4,999,4,3,0.05,10,0.1,0.0,8,0.7,-0.07591201549612603,13,0.0,False,0.39228723404255317,0.9966216216216216,0.5629770992366412,12,40,"[8, 9, 10, 11, 13, 16]","[0.0, 0.4421931749385602, 0.657105777796841, 3.04609490877944, 3.52534404530071, 6.860498144886188, 9.004059355189632, 13.525196999874858, 20.420767441402656]"
5,42,4,3,0.01,10,1.0,0.0,7,0.7,-0.6885258629643474,7,0.0,True,0.4037900874635568,0.9421768707482994,0.5653061224489796,0,0,"[7, 8, 9, 10, 12, 15]","[0.0, 2.9765712351360225, 3.775086377999545, 7.316405381222767, 13.358340099714074, 21.683673956345245, 22.313888573483357, 50.98381894129118, 99.78809468048023]"
5,123,4,3,0.01,10,1.0,0.0,4,0.7,-0.021662718826137198,4,5.342334251964811,False,0.4708904109589041,0.935374149659864,0.6264236902050114,68,117,"[4, 5, 6, 7, 9, 12]","[0.0, 0.37534925120100526, 0.5117213440872428, 1.0572097156321931, 1.8072562265064998, 5.342334251964811, 5.722655702193896, 6.102977152422982, 9.408404044101335]"
5,2026,4,3,0.01,10,1.0,0.0,4,0.7,-0.021662718826137198,4,5.342334251964811,False,0.4708904109589041,0.935374149659864,0.6264236902050114,68,117,"[4, 5, 6, 7, 9, 12]","[0.0, 0.37534925120100526, 0.5117213440872428, 1.0572097156321931, 1.8072562265064998, 5.342334251964811, 5.722655702193896, 6.102977152422982, 9.408404044101335]"
5,7,4,3,0.01,10,1.0,0.0,7,0.7,-0.6885258629643474,7,0.0,True,0.4037900874635568,0.9421768707482994,0.5653061224489796,0,0,"[7, 8, 9, 10, 12, 15]","[0.0, 2.9765712351360225, 3.775086377999545, 7.316405381222767, 13.358340099714074, 21.683673956345245, 22.313888573483357, 50.98381894129118, 99.78809468048023]"
5,999,4,3,0.01,10,1.0,0.0,7,0.7,-0.6885258629643474,7,0.0,True,0.4037900874635568,0.9421768707482994,0.5653061224489796,0,0,"[7, 8, 9, 10, 12, 15]","[0.0, 2.9765712351360225, 3.775086377999545, 7.316405381222767, 13.358340099714074, 21.683673956345245, 22.313888573483357, 50.98381894129118, 99.78809468048023]"
