dataset,model,method,fold,seed,scenario,window_size,alphabet_size,merge_alpha,min_state_count,smoothing_alpha,distance_penalty,baseline_threshold,high_threshold,low_threshold,hysteresis_width,min_anomaly_run,baseline_selected,validation_selection_mode,validation_recall_constraint_met,validation_accuracy,validation_precision,validation_recall,validation_f1_score,validation_mean_file_f1,validation_min_file_f1,validation_std_file_f1,final_training_scope,inner_splitter,inner_split_id,inner_train_file_count,inner_validation_file_count,test_file_count,sample_count,actual_anomaly_count,raw_predicted_anomaly_count,predicted_anomaly_count,unseen_count,normal_states_before,normal_states_after,normal_transition_count,normal_transition_density,anomaly_states_before,anomaly_states_after,anomaly_transition_count,anomaly_transition_density,total_states_before,total_states_after,total_transition_count,accuracy,precision,recall,f1_score
SKAB,dual_alergia_hysteresis,baseline_single_threshold,1,42,original,4,3,0.01,10,1.0,0.0,-0.030764417773082642,-0.030764417773082642,-0.030764417773082642,0.0,1,True,existing_single_threshold_baseline,True,0.427536231884058,0.3773841961852861,0.9421768707482994,0.5389105058365758,0.5533758983374972,0.5148514851485149,0.03852441318898242,inner_train_calibrated,StratifiedGroupKFold,1,11,2,3,1115,400,921,921,2,36,25,50,0.08,28,22,44,0.09090909090909091,64,47,94,0.38385650224215245,0.34419109663409336,0.7925,0.47993943981831944
SKAB,dual_alergia_hysteresis,dual_threshold_hysteresis,1,42,original,4,3,0.01,10,1.0,0.0,-0.030764417773082642,-0.030764417773082642,-0.04618938246937465,0.01542496469629201,10,False,recall_constrained,True,0.47342995169082125,0.3961988304093567,0.9217687074829932,0.5541922290388548,0.5855694260119442,0.5142045454545454,0.07136488055739881,inner_train_calibrated,StratifiedGroupKFold,1,11,2,3,1115,400,926,805,2,36,25,50,0.08,28,22,44,0.09090909090909091,64,47,94,0.4053811659192825,0.33664596273291925,0.6775,0.44979253112033196
SKAB,dual_alergia_hysteresis,baseline_single_threshold,1,42,gaussian_noise,4,3,0.01,10,1.0,0.0,-0.030764417773082642,-0.030764417773082642,-0.030764417773082642,0.0,1,True,existing_single_threshold_baseline,True,0.427536231884058,0.3773841961852861,0.9421768707482994,0.5389105058365758,0.5533758983374972,0.5148514851485149,0.03852441318898242,inner_train_calibrated,StratifiedGroupKFold,1,11,2,3,1115,400,911,911,2,36,25,50,0.08,28,22,44,0.09090909090909091,64,47,94,0.38026905829596414,0.3402854006586169,0.775,0.47292143401983217
SKAB,dual_alergia_hysteresis,dual_threshold_hysteresis,1,42,gaussian_noise,4,3,0.01,10,1.0,0.0,-0.030764417773082642,-0.030764417773082642,-0.04618938246937465,0.01542496469629201,10,False,recall_constrained,True,0.47342995169082125,0.3961988304093567,0.9217687074829932,0.5541922290388548,0.5855694260119442,0.5142045454545454,0.07136488055739881,inner_train_calibrated,StratifiedGroupKFold,1,11,2,3,1115,400,914,796,2,36,25,50,0.08,28,22,44,0.09090909090909091,64,47,94,0.4134529147982063,0.34045226130653267,0.6775,0.4531772575250836
SKAB,dual_alergia_hysteresis,baseline_single_threshold,1,42,unseen_data,4,3,0.01,10,1.0,0.0,-0.030764417773082642,-0.030764417773082642,-0.030764417773082642,0.0,1,True,existing_single_threshold_baseline,True,0.427536231884058,0.3773841961852861,0.9421768707482994,0.5389105058365758,0.5533758983374972,0.5148514851485149,0.03852441318898242,inner_train_calibrated,StratifiedGroupKFold,1,11,2,3,2,0,2,2,2,36,25,50,0.08,28,22,44,0.09090909090909091,64,47,94,0.5,0.0,0.0,0.0
SKAB,dual_alergia_hysteresis,dual_threshold_hysteresis,1,42,unseen_data,4,3,0.01,10,1.0,0.0,-0.030764417773082642,-0.030764417773082642,-0.04618938246937465,0.01542496469629201,10,False,recall_constrained,True,0.47342995169082125,0.3961988304093567,0.9217687074829932,0.5541922290388548,0.5855694260119442,0.5142045454545454,0.07136488055739881,inner_train_calibrated,StratifiedGroupKFold,1,11,2,3,2,0,2,2,2,36,25,50,0.08,28,22,44,0.09090909090909091,64,47,94,1.0,0.0,0.0,0.0
SKAB,dual_alergia_hysteresis,baseline_single_threshold,1,123,original,4,3,0.01,10,1.0,0.0,-0.030764417773082642,-0.030764417773082642,-0.030764417773082642,0.0,1,True,existing_single_threshold_baseline,True,0.427536231884058,0.3773841961852861,0.9421768707482994,0.5389105058365758,0.5533758983374972,0.5148514851485149,0.03852441318898242,inner_train_calibrated,StratifiedGroupKFold,1,11,2,3,1115,400,921,921,2,36,25,50,0.08,28,22,44,0.09090909090909091,64,47,94,0.38385650224215245,0.34419109663409336,0.7925,0.47993943981831944
SKAB,dual_alergia_hysteresis,dual_threshold_hysteresis,1,123,original,4,3,0.01,10,1.0,0.0,-0.030764417773082642,-0.030764417773082642,-0.04618938246937465,0.01542496469629201,10,False,recall_constrained,True,0.47342995169082125,0.3961988304093567,0.9217687074829932,0.5541922290388548,0.5855694260119442,0.5142045454545454,0.07136488055739881,inner_train_calibrated,StratifiedGroupKFold,1,11,2,3,1115,400,926,805,2,36,25,50,0.08,28,22,44,0.09090909090909091,64,47,94,0.4053811659192825,0.33664596273291925,0.6775,0.44979253112033196
SKAB,dual_alergia_hysteresis,baseline_single_threshold,1,123,gaussian_noise,4,3,0.01,10,1.0,0.0,-0.030764417773082642,-0.030764417773082642,-0.030764417773082642,0.0,1,True,existing_single_threshold_baseline,True,0.427536231884058,0.3773841961852861,0.9421768707482994,0.5389105058365758,0.5533758983374972,0.5148514851485149,0.03852441318898242,inner_train_calibrated,StratifiedGroupKFold,1,11,2,3,1115,400,910,910,2,36,25,50,0.08,28,22,44,0.09090909090909091,64,47,94,0.3829596412556054,0.34175824175824177,0.7775,0.47480916030534354
SKAB,dual_alergia_hysteresis,dual_threshold_hysteresis,1,123,gaussian_noise,4,3,0.01,10,1.0,0.0,-0.030764417773082642,-0.030764417773082642,-0.04618938246937465,0.01542496469629201,10,False,recall_constrained,True,0.47342995169082125,0.3961988304093567,0.9217687074829932,0.5541922290388548,0.5855694260119442,0.5142045454545454,0.07136488055739881,inner_train_calibrated,StratifiedGroupKFold,1,11,2,3,1115,400,914,796,2,36,25,50,0.08,28,22,44,0.09090909090909091,64,47,94,0.4116591928251121,0.3391959798994975,0.675,0.451505016722408
SKAB,dual_alergia_hysteresis,baseline_single_threshold,1,123,unseen_data,4,3,0.01,10,1.0,0.0,-0.030764417773082642,-0.030764417773082642,-0.030764417773082642,0.0,1,True,existing_single_threshold_baseline,True,0.427536231884058,0.3773841961852861,0.9421768707482994,0.5389105058365758,0.5533758983374972,0.5148514851485149,0.03852441318898242,inner_train_calibrated,StratifiedGroupKFold,1,11,2,3,2,0,2,2,2,36,25,50,0.08,28,22,44,0.09090909090909091,64,47,94,0.5,0.0,0.0,0.0
SKAB,dual_alergia_hysteresis,dual_threshold_hysteresis,1,123,unseen_data,4,3,0.01,10,1.0,0.0,-0.030764417773082642,-0.030764417773082642,-0.04618938246937465,0.01542496469629201,10,False,recall_constrained,True,0.47342995169082125,0.3961988304093567,0.9217687074829932,0.5541922290388548,0.5855694260119442,0.5142045454545454,0.07136488055739881,inner_train_calibrated,StratifiedGroupKFold,1,11,2,3,2,0,2,2,2,36,25,50,0.08,28,22,44,0.09090909090909091,64,47,94,1.0,0.0,0.0,0.0
SKAB,dual_alergia_hysteresis,baseline_single_threshold,1,2026,original,4,3,0.01,5,0.1,0.0,-2.2043674648485996,-2.2043674648485996,-2.2043674648485996,0.0,1,True,existing_single_threshold_baseline,True,0.3647342995169082,0.3581907090464548,0.9965986394557823,0.5269784172661871,0.532468566259611,0.5156037991858887,0.01686476707372231,inner_train_calibrated,StratifiedGroupKFold,1,11,2,3,1115,400,1110,1110,3,33,16,40,0.15625,28,16,39,0.15234375,61,32,79,0.3560538116591928,0.3567567567567568,0.99,0.5245033112582781
SKAB,dual_alergia_hysteresis,dual_threshold_hysteresis,1,2026,original,4,3,0.01,5,0.1,0.0,-2.2043674648485996,-0.0013683031823821697,-0.0013683031823821697,0.0,12,False,recall_constrained,True,0.5096618357487923,0.4057239057239057,0.8197278911564626,0.5427927927927928,0.5690906382344805,0.5198237885462555,0.04926684968822487,inner_train_calibrated,StratifiedGroupKFold,1,11,2,3,1115,400,973,828,3,33,16,40,0.15625,28,16,39,0.15234375,61,32,79,0.3847533632286996,0.3272946859903382,0.6775,0.44136807817589574
SKAB,dual_alergia_hysteresis,baseline_single_threshold,1,2026,gaussian_noise,4,3,0.01,5,0.1,0.0,-2.2043674648485996,-2.2043674648485996,-2.2043674648485996,0.0,1,True,existing_single_threshold_baseline,True,0.3647342995169082,0.3581907090464548,0.9965986394557823,0.5269784172661871,0.532468566259611,0.5156037991858887,0.01686476707372231,inner_train_calibrated,StratifiedGroupKFold,1,11,2,3,1115,400,1111,1111,3,33,16,40,0.15625,28,16,39,0.15234375,61,32,79,0.35515695067264574,0.3564356435643564,0.99,0.5241561879549967
SKAB,dual_alergia_hysteresis,dual_threshold_hysteresis,1,2026,gaussian_noise,4,3,0.01,5,0.1,0.0,-2.2043674648485996,-0.0013683031823821697,-0.0013683031823821697,0.0,12,False,recall_constrained,True,0.5096618357487923,0.4057239057239057,0.8197278911564626,0.5427927927927928,0.5690906382344805,0.5198237885462555,0.04926684968822487,inner_train_calibrated,StratifiedGroupKFold,1,11,2,3,1115,400,982,836,3,33,16,40,0.15625,28,16,39,0.15234375,61,32,79,0.3775784753363229,0.3241626794258373,0.6775,0.43851132686084143
SKAB,dual_alergia_hysteresis,baseline_single_threshold,1,2026,unseen_data,4,3,0.01,5,0.1,0.0,-2.2043674648485996,-2.2043674648485996,-2.2043674648485996,0.0,1,True,existing_single_threshold_baseline,True,0.3647342995169082,0.3581907090464548,0.9965986394557823,0.5269784172661871,0.532468566259611,0.5156037991858887,0.01686476707372231,inner_train_calibrated,StratifiedGroupKFold,1,11,2,3,3,0,3,3,3,33,16,40,0.15625,28,16,39,0.15234375,61,32,79,0.0,0.0,0.0,0.0
SKAB,dual_alergia_hysteresis,dual_threshold_hysteresis,1,2026,unseen_data,4,3,0.01,5,0.1,0.0,-2.2043674648485996,-0.0013683031823821697,-0.0013683031823821697,0.0,12,False,recall_constrained,True,0.5096618357487923,0.4057239057239057,0.8197278911564626,0.5427927927927928,0.5690906382344805,0.5198237885462555,0.04926684968822487,inner_train_calibrated,StratifiedGroupKFold,1,11,2,3,3,0,3,3,3,33,16,40,0.15625,28,16,39,0.15234375,61,32,79,0.0,0.0,0.0,0.0
SKAB,dual_alergia_hysteresis,baseline_single_threshold,1,7,original,4,3,0.01,5,0.1,0.0,-2.2043674648485996,-2.2043674648485996,-2.2043674648485996,0.0,1,True,existing_single_threshold_baseline,True,0.3647342995169082,0.3581907090464548,0.9965986394557823,0.5269784172661871,0.532468566259611,0.5156037991858887,0.01686476707372231,inner_train_calibrated,StratifiedGroupKFold,1,11,2,3,1115,400,1110,1110,3,33,16,40,0.15625,28,16,39,0.15234375,61,32,79,0.3560538116591928,0.3567567567567568,0.99,0.5245033112582781
SKAB,dual_alergia_hysteresis,dual_threshold_hysteresis,1,7,original,4,3,0.01,5,0.1,0.0,-2.2043674648485996,-0.0013683031823821697,-0.0013683031823821697,0.0,12,False,recall_constrained,True,0.5096618357487923,0.4057239057239057,0.8197278911564626,0.5427927927927928,0.5690906382344805,0.5198237885462555,0.04926684968822487,inner_train_calibrated,StratifiedGroupKFold,1,11,2,3,1115,400,973,828,3,33,16,40,0.15625,28,16,39,0.15234375,61,32,79,0.3847533632286996,0.3272946859903382,0.6775,0.44136807817589574
SKAB,dual_alergia_hysteresis,baseline_single_threshold,1,7,gaussian_noise,4,3,0.01,5,0.1,0.0,-2.2043674648485996,-2.2043674648485996,-2.2043674648485996,0.0,1,True,existing_single_threshold_baseline,True,0.3647342995169082,0.3581907090464548,0.9965986394557823,0.5269784172661871,0.532468566259611,0.5156037991858887,0.01686476707372231,inner_train_calibrated,StratifiedGroupKFold,1,11,2,3,1115,400,1108,1108,3,33,16,40,0.15625,28,16,39,0.15234375,61,32,79,0.3596412556053812,0.3583032490974729,0.9925,0.5265251989389921
SKAB,dual_alergia_hysteresis,dual_threshold_hysteresis,1,7,gaussian_noise,4,3,0.01,5,0.1,0.0,-2.2043674648485996,-0.0013683031823821697,-0.0013683031823821697,0.0,12,False,recall_constrained,True,0.5096618357487923,0.4057239057239057,0.8197278911564626,0.5427927927927928,0.5690906382344805,0.5198237885462555,0.04926684968822487,inner_train_calibrated,StratifiedGroupKFold,1,11,2,3,1115,400,980,851,3,33,16,40,0.15625,28,16,39,0.15234375,61,32,79,0.38385650224215245,0.33137485311398357,0.705,0.45083932853717024
SKAB,dual_alergia_hysteresis,baseline_single_threshold,1,7,unseen_data,4,3,0.01,5,0.1,0.0,-2.2043674648485996,-2.2043674648485996,-2.2043674648485996,0.0,1,True,existing_single_threshold_baseline,True,0.3647342995169082,0.3581907090464548,0.9965986394557823,0.5269784172661871,0.532468566259611,0.5156037991858887,0.01686476707372231,inner_train_calibrated,StratifiedGroupKFold,1,11,2,3,3,0,3,3,3,33,16,40,0.15625,28,16,39,0.15234375,61,32,79,0.0,0.0,0.0,0.0
SKAB,dual_alergia_hysteresis,dual_threshold_hysteresis,1,7,unseen_data,4,3,0.01,5,0.1,0.0,-2.2043674648485996,-0.0013683031823821697,-0.0013683031823821697,0.0,12,False,recall_constrained,True,0.5096618357487923,0.4057239057239057,0.8197278911564626,0.5427927927927928,0.5690906382344805,0.5198237885462555,0.04926684968822487,inner_train_calibrated,StratifiedGroupKFold,1,11,2,3,3,0,3,3,3,33,16,40,0.15625,28,16,39,0.15234375,61,32,79,0.0,0.0,0.0,0.0
SKAB,dual_alergia_hysteresis,baseline_single_threshold,1,999,original,4,3,0.01,10,1.0,0.0,-0.030764417773082642,-0.030764417773082642,-0.030764417773082642,0.0,1,True,existing_single_threshold_baseline,True,0.427536231884058,0.3773841961852861,0.9421768707482994,0.5389105058365758,0.5533758983374972,0.5148514851485149,0.03852441318898242,inner_train_calibrated,StratifiedGroupKFold,1,11,2,3,1115,400,921,921,2,36,25,50,0.08,28,22,44,0.09090909090909091,64,47,94,0.38385650224215245,0.34419109663409336,0.7925,0.47993943981831944
SKAB,dual_alergia_hysteresis,dual_threshold_hysteresis,1,999,original,4,3,0.01,10,1.0,0.0,-0.030764417773082642,-0.030764417773082642,-0.04618938246937465,0.01542496469629201,10,False,recall_constrained,True,0.47342995169082125,0.3961988304093567,0.9217687074829932,0.5541922290388548,0.5855694260119442,0.5142045454545454,0.07136488055739881,inner_train_calibrated,StratifiedGroupKFold,1,11,2,3,1115,400,926,805,2,36,25,50,0.08,28,22,44,0.09090909090909091,64,47,94,0.4053811659192825,0.33664596273291925,0.6775,0.44979253112033196
SKAB,dual_alergia_hysteresis,baseline_single_threshold,1,999,gaussian_noise,4,3,0.01,10,1.0,0.0,-0.030764417773082642,-0.030764417773082642,-0.030764417773082642,0.0,1,True,existing_single_threshold_baseline,True,0.427536231884058,0.3773841961852861,0.9421768707482994,0.5389105058365758,0.5533758983374972,0.5148514851485149,0.03852441318898242,inner_train_calibrated,StratifiedGroupKFold,1,11,2,3,1115,400,918,918,2,36,25,50,0.08,28,22,44,0.09090909090909091,64,47,94,0.379372197309417,0.340958605664488,0.7825,0.47496206373292865
SKAB,dual_alergia_hysteresis,dual_threshold_hysteresis,1,999,gaussian_noise,4,3,0.01,10,1.0,0.0,-0.030764417773082642,-0.030764417773082642,-0.04618938246937465,0.01542496469629201,10,False,recall_constrained,True,0.47342995169082125,0.3961988304093567,0.9217687074829932,0.5541922290388548,0.5855694260119442,0.5142045454545454,0.07136488055739881,inner_train_calibrated,StratifiedGroupKFold,1,11,2,3,1115,400,922,803,2,36,25,50,0.08,28,22,44,0.09090909090909091,64,47,94,0.40358744394618834,0.33499377334993774,0.6725,0.4472152950955943
SKAB,dual_alergia_hysteresis,baseline_single_threshold,1,999,unseen_data,4,3,0.01,10,1.0,0.0,-0.030764417773082642,-0.030764417773082642,-0.030764417773082642,0.0,1,True,existing_single_threshold_baseline,True,0.427536231884058,0.3773841961852861,0.9421768707482994,0.5389105058365758,0.5533758983374972,0.5148514851485149,0.03852441318898242,inner_train_calibrated,StratifiedGroupKFold,1,11,2,3,2,0,2,2,2,36,25,50,0.08,28,22,44,0.09090909090909091,64,47,94,0.5,0.0,0.0,0.0
SKAB,dual_alergia_hysteresis,dual_threshold_hysteresis,1,999,unseen_data,4,3,0.01,10,1.0,0.0,-0.030764417773082642,-0.030764417773082642,-0.04618938246937465,0.01542496469629201,10,False,recall_constrained,True,0.47342995169082125,0.3961988304093567,0.9217687074829932,0.5541922290388548,0.5855694260119442,0.5142045454545454,0.07136488055739881,inner_train_calibrated,StratifiedGroupKFold,1,11,2,3,2,0,2,2,2,36,25,50,0.08,28,22,44,0.09090909090909091,64,47,94,1.0,0.0,0.0,0.0
SKAB,dual_alergia_hysteresis,baseline_single_threshold,2,42,original,4,3,0.01,2,0.1,0.0,-0.021027450897390665,-0.021027450897390665,-0.021027450897390665,0.0,1,True,existing_single_threshold_baseline,True,0.3997584541062802,0.3654353562005277,0.9453924914675768,0.527117031398668,0.535827466296658,0.5136612021857924,0.022166264110865586,inner_train_calibrated,StratifiedGroupKFold,1,11,2,3,1110,398,965,965,2,36,17,39,0.13494809688581316,31,7,19,0.3877551020408163,67,24,58,0.4477477477477477,0.38860103626943004,0.9422110552763819,0.5502567865003668
SKAB,dual_alergia_hysteresis,dual_threshold_hysteresis,2,42,original,4,3,0.01,2,0.1,0.0,-0.021027450897390665,-0.021027450897390665,-0.021027450897390665,0.0,12,False,recall_constrained,True,0.46859903381642515,0.38980509745127434,0.8873720136518771,0.5416666666666666,0.5666454757363848,0.5179063360881543,0.04873913964823057,inner_train_calibrated,StratifiedGroupKFold,1,11,2,3,1110,398,965,796,2,36,17,39,0.13494809688581316,31,7,19,0.3877551020408163,67,24,58,0.5477477477477477,0.43467336683417085,0.8693467336683417,0.5795644891122278
SKAB,dual_alergia_hysteresis,baseline_single_threshold,2,42,gaussian_noise,4,3,0.01,2,0.1,0.0,-0.021027450897390665,-0.021027450897390665,-0.021027450897390665,0.0,1,True,existing_single_threshold_baseline,True,0.3997584541062802,0.3654353562005277,0.9453924914675768,0.527117031398668,0.535827466296658,0.5136612021857924,0.022166264110865586,inner_train_calibrated,StratifiedGroupKFold,1,11,2,3,1110,398,968,968,2,36,17,39,0.13494809688581316,31,7,19,0.3877551020408163,67,24,58,0.44504504504504505,0.38739669421487605,0.9422110552763819,0.5490483162518301
SKAB,dual_alergia_hysteresis,dual_threshold_hysteresis,2,42,gaussian_noise,4,3,0.01,2,0.1,0.0,-0.021027450897390665,-0.021027450897390665,-0.021027450897390665,0.0,12,False,recall_constrained,True,0.46859903381642515,0.38980509745127434,0.8873720136518771,0.5416666666666666,0.5666454757363848,0.5179063360881543,0.04873913964823057,inner_train_calibrated,StratifiedGroupKFold,1,11,2,3,1110,398,968,791,2,36,17,39,0.13494809688581316,31,7,19,0.3877551020408163,67,24,58,0.5378378378378378,0.427307206068268,0.8492462311557789,0.5685449957947856
SKAB,dual_alergia_hysteresis,baseline_single_threshold,2,42,unseen_data,4,3,0.01,2,0.1,0.0,-0.021027450897390665,-0.021027450897390665,-0.021027450897390665,0.0,1,True,existing_single_threshold_baseline,True,0.3997584541062802,0.3654353562005277,0.9453924914675768,0.527117031398668,0.535827466296658,0.5136612021857924,0.022166264110865586,inner_train_calibrated,StratifiedGroupKFold,1,11,2,3,2,0,2,2,2,36,17,39,0.13494809688581316,31,7,19,0.3877551020408163,67,24,58,0.0,0.0,0.0,0.0
SKAB,dual_alergia_hysteresis,dual_threshold_hysteresis,2,42,unseen_data,4,3,0.01,2,0.1,0.0,-0.021027450897390665,-0.021027450897390665,-0.021027450897390665,0.0,12,False,recall_constrained,True,0.46859903381642515,0.38980509745127434,0.8873720136518771,0.5416666666666666,0.5666454757363848,0.5179063360881543,0.04873913964823057,inner_train_calibrated,StratifiedGroupKFold,1,11,2,3,2,0,2,2,2,36,17,39,0.13494809688581316,31,7,19,0.3877551020408163,67,24,58,0.0,0.0,0.0,0.0
SKAB,dual_alergia_hysteresis,baseline_single_threshold,2,123,original,4,3,0.01,2,0.1,0.0,-0.021027450897390665,-0.021027450897390665,-0.021027450897390665,0.0,1,True,existing_single_threshold_baseline,True,0.3997584541062802,0.3654353562005277,0.9453924914675768,0.527117031398668,0.535827466296658,0.5136612021857924,0.022166264110865586,inner_train_calibrated,StratifiedGroupKFold,1,11,2,3,1110,398,965,965,2,36,17,39,0.13494809688581316,31,7,19,0.3877551020408163,67,24,58,0.4477477477477477,0.38860103626943004,0.9422110552763819,0.5502567865003668
SKAB,dual_alergia_hysteresis,dual_threshold_hysteresis,2,123,original,4,3,0.01,2,0.1,0.0,-0.021027450897390665,-0.021027450897390665,-0.021027450897390665,0.0,12,False,recall_constrained,True,0.46859903381642515,0.38980509745127434,0.8873720136518771,0.5416666666666666,0.5666454757363848,0.5179063360881543,0.04873913964823057,inner_train_calibrated,StratifiedGroupKFold,1,11,2,3,1110,398,965,796,2,36,17,39,0.13494809688581316,31,7,19,0.3877551020408163,67,24,58,0.5477477477477477,0.43467336683417085,0.8693467336683417,0.5795644891122278
SKAB,dual_alergia_hysteresis,baseline_single_threshold,2,123,gaussian_noise,4,3,0.01,2,0.1,0.0,-0.021027450897390665,-0.021027450897390665,-0.021027450897390665,0.0,1,True,existing_single_threshold_baseline,True,0.3997584541062802,0.3654353562005277,0.9453924914675768,0.527117031398668,0.535827466296658,0.5136612021857924,0.022166264110865586,inner_train_calibrated,StratifiedGroupKFold,1,11,2,3,1110,398,964,964,1,36,17,39,0.13494809688581316,31,7,19,0.3877551020408163,67,24,58,0.44504504504504505,0.3869294605809129,0.9371859296482412,0.5477239353891337
SKAB,dual_alergia_hysteresis,dual_threshold_hysteresis,2,123,gaussian_noise,4,3,0.01,2,0.1,0.0,-0.021027450897390665,-0.021027450897390665,-0.021027450897390665,0.0,12,False,recall_constrained,True,0.46859903381642515,0.38980509745127434,0.8873720136518771,0.5416666666666666,0.5666454757363848,0.5179063360881543,0.04873913964823057,inner_train_calibrated,StratifiedGroupKFold,1,11,2,3,1110,398,964,802,1,36,17,39,0.13494809688581316,31,7,19,0.3877551020408163,67,24,58,0.5423423423423424,0.4314214463840399,0.8693467336683417,0.5766666666666667
SKAB,dual_alergia_hysteresis,baseline_single_threshold,2,123,unseen_data,4,3,0.01,2,0.1,0.0,-0.021027450897390665,-0.021027450897390665,-0.021027450897390665,0.0,1,True,existing_single_threshold_baseline,True,0.3997584541062802,0.3654353562005277,0.9453924914675768,0.527117031398668,0.535827466296658,0.5136612021857924,0.022166264110865586,inner_train_calibrated,StratifiedGroupKFold,1,11,2,3,2,0,2,2,2,36,17,39,0.13494809688581316,31,7,19,0.3877551020408163,67,24,58,0.0,0.0,0.0,0.0
SKAB,dual_alergia_hysteresis,dual_threshold_hysteresis,2,123,unseen_data,4,3,0.01,2,0.1,0.0,-0.021027450897390665,-0.021027450897390665,-0.021027450897390665,0.0,12,False,recall_constrained,True,0.46859903381642515,0.38980509745127434,0.8873720136518771,0.5416666666666666,0.5666454757363848,0.5179063360881543,0.04873913964823057,inner_train_calibrated,StratifiedGroupKFold,1,11,2,3,2,0,2,2,2,36,17,39,0.13494809688581316,31,7,19,0.3877551020408163,67,24,58,0.0,0.0,0.0,0.0
SKAB,dual_alergia_hysteresis,baseline_single_threshold,2,2026,original,4,3,0.1,10,0.5,0.0,0.013988442150093858,0.013988442150093858,0.013988442150093858,0.0,1,True,existing_single_threshold_baseline,False,0.7334933973589436,0.6915422885572139,0.46488294314381273,0.556,0.5081001119026175,0.22033898305084745,0.21689520553542663,inner_train_calibrated,StratifiedGroupKFold,5,10,3,3,1110,398,587,587,2,37,26,52,0.07692307692307693,29,23,50,0.0945179584120983,66,49,102,0.5756756756756757,0.43781942078364566,0.6457286432160804,0.5218274111675127
SKAB,dual_alergia_hysteresis,dual_threshold_hysteresis,2,2026,original,4,3,0.1,10,0.5,0.0,0.013988442150093858,0.4388979705544817,-2.1133979164141095,2.552295886968591,1,False,recall_constrained,True,0.5822328931572629,0.46213292117465227,1.0,0.6321353065539113,0.6393525561898675,0.5606469002695418,0.06956582249188692,inner_train_calibrated,StratifiedGroupKFold,5,10,3,3,1110,398,814,814,2,37,26,52,0.07692307692307693,29,23,50,0.0945179584120983,66,49,102,0.43783783783783786,0.36117936117936117,0.7386934673366834,0.48514851485148514
SKAB,dual_alergia_hysteresis,baseline_single_threshold,2,2026,gaussian_noise,4,3,0.1,10,0.5,0.0,0.013988442150093858,0.013988442150093858,0.013988442150093858,0.0,1,True,existing_single_threshold_baseline,False,0.7334933973589436,0.6915422885572139,0.46488294314381273,0.556,0.5081001119026175,0.22033898305084745,0.21689520553542663,inner_train_calibrated,StratifiedGroupKFold,5,10,3,3,1110,398,588,588,2,37,26,52,0.07692307692307693,29,23,50,0.0945179584120983,66,49,102,0.5657657657657658,0.42857142857142855,0.6331658291457286,0.5111561866125761
SKAB,dual_alergia_hysteresis,dual_threshold_hysteresis,2,2026,gaussian_noise,4,3,0.1,10,0.5,0.0,0.013988442150093858,0.4388979705544817,-2.1133979164141095,2.552295886968591,1,False,recall_constrained,True,0.5822328931572629,0.46213292117465227,1.0,0.6321353065539113,0.6393525561898675,0.5606469002695418,0.06956582249188692,inner_train_calibrated,StratifiedGroupKFold,5,10,3,3,1110,398,787,787,2,37,26,52,0.07692307692307693,29,23,50,0.0945179584120983,66,49,102,0.46216216216216216,0.3735705209656925,0.7386934673366834,0.4962025316455696
SKAB,dual_alergia_hysteresis,baseline_single_threshold,2,2026,unseen_data,4,3,0.1,10,0.5,0.0,0.013988442150093858,0.013988442150093858,0.013988442150093858,0.0,1,True,existing_single_threshold_baseline,False,0.7334933973589436,0.6915422885572139,0.46488294314381273,0.556,0.5081001119026175,0.22033898305084745,0.21689520553542663,inner_train_calibrated,StratifiedGroupKFold,5,10,3,3,2,0,2,2,2,37,26,52,0.07692307692307693,29,23,50,0.0945179584120983,66,49,102,0.5,0.0,0.0,0.0
SKAB,dual_alergia_hysteresis,dual_threshold_hysteresis,2,2026,unseen_data,4,3,0.1,10,0.5,0.0,0.013988442150093858,0.4388979705544817,-2.1133979164141095,2.552295886968591,1,False,recall_constrained,True,0.5822328931572629,0.46213292117465227,1.0,0.6321353065539113,0.6393525561898675,0.5606469002695418,0.06956582249188692,inner_train_calibrated,StratifiedGroupKFold,5,10,3,3,2,0,2,2,2,37,26,52,0.07692307692307693,29,23,50,0.0945179584120983,66,49,102,0.5,0.0,0.0,0.0
SKAB,dual_alergia_hysteresis,baseline_single_threshold,2,7,original,4,3,0.1,10,0.5,0.0,0.013988442150093858,0.013988442150093858,0.013988442150093858,0.0,1,True,existing_single_threshold_baseline,False,0.7334933973589436,0.6915422885572139,0.46488294314381273,0.556,0.5081001119026175,0.22033898305084745,0.21689520553542663,inner_train_calibrated,StratifiedGroupKFold,5,10,3,3,1110,398,587,587,2,37,26,52,0.07692307692307693,29,23,50,0.0945179584120983,66,49,102,0.5756756756756757,0.43781942078364566,0.6457286432160804,0.5218274111675127
SKAB,dual_alergia_hysteresis,dual_threshold_hysteresis,2,7,original,4,3,0.1,10,0.5,0.0,0.013988442150093858,0.4388979705544817,-2.1133979164141095,2.552295886968591,1,False,recall_constrained,True,0.5822328931572629,0.46213292117465227,1.0,0.6321353065539113,0.6393525561898675,0.5606469002695418,0.06956582249188692,inner_train_calibrated,StratifiedGroupKFold,5,10,3,3,1110,398,814,814,2,37,26,52,0.07692307692307693,29,23,50,0.0945179584120983,66,49,102,0.43783783783783786,0.36117936117936117,0.7386934673366834,0.48514851485148514
SKAB,dual_alergia_hysteresis,baseline_single_threshold,2,7,gaussian_noise,4,3,0.1,10,0.5,0.0,0.013988442150093858,0.013988442150093858,0.013988442150093858,0.0,1,True,existing_single_threshold_baseline,False,0.7334933973589436,0.6915422885572139,0.46488294314381273,0.556,0.5081001119026175,0.22033898305084745,0.21689520553542663,inner_train_calibrated,StratifiedGroupKFold,5,10,3,3,1110,398,583,583,2,37,26,52,0.07692307692307693,29,23,50,0.0945179584120983,66,49,102,0.5720720720720721,0.4339622641509434,0.635678391959799,0.5158002038735984
SKAB,dual_alergia_hysteresis,dual_threshold_hysteresis,2,7,gaussian_noise,4,3,0.1,10,0.5,0.0,0.013988442150093858,0.4388979705544817,-2.1133979164141095,2.552295886968591,1,False,recall_constrained,True,0.5822328931572629,0.46213292117465227,1.0,0.6321353065539113,0.6393525561898675,0.5606469002695418,0.06956582249188692,inner_train_calibrated,StratifiedGroupKFold,5,10,3,3,1110,398,814,814,2,37,26,52,0.07692307692307693,29,23,50,0.0945179584120983,66,49,102,0.43783783783783786,0.36117936117936117,0.7386934673366834,0.48514851485148514
SKAB,dual_alergia_hysteresis,baseline_single_threshold,2,7,unseen_data,4,3,0.1,10,0.5,0.0,0.013988442150093858,0.013988442150093858,0.013988442150093858,0.0,1,True,existing_single_threshold_baseline,False,0.7334933973589436,0.6915422885572139,0.46488294314381273,0.556,0.5081001119026175,0.22033898305084745,0.21689520553542663,inner_train_calibrated,StratifiedGroupKFold,5,10,3,3,2,0,2,2,2,37,26,52,0.07692307692307693,29,23,50,0.0945179584120983,66,49,102,0.5,0.0,0.0,0.0
SKAB,dual_alergia_hysteresis,dual_threshold_hysteresis,2,7,unseen_data,4,3,0.1,10,0.5,0.0,0.013988442150093858,0.4388979705544817,-2.1133979164141095,2.552295886968591,1,False,recall_constrained,True,0.5822328931572629,0.46213292117465227,1.0,0.6321353065539113,0.6393525561898675,0.5606469002695418,0.06956582249188692,inner_train_calibrated,StratifiedGroupKFold,5,10,3,3,2,0,2,2,2,37,26,52,0.07692307692307693,29,23,50,0.0945179584120983,66,49,102,0.5,0.0,0.0,0.0
SKAB,dual_alergia_hysteresis,baseline_single_threshold,2,999,original,4,3,0.01,2,0.1,0.0,-4.4788379426633576,-4.4788379426633576,-4.4788379426633576,0.0,1,True,existing_single_threshold_baseline,True,0.3581730769230769,0.3581730769230769,1.0,0.5274336283185841,0.526960076960077,0.5055555555555555,0.01528314218718246,inner_train_calibrated,StratifiedGroupKFold,5,10,3,3,1110,398,1110,1110,2,37,14,36,0.1836734693877551,29,12,33,0.22916666666666666,66,26,69,0.35855855855855856,0.35855855855855856,1.0,0.5278514588859416
SKAB,dual_alergia_hysteresis,dual_threshold_hysteresis,2,999,original,4,3,0.01,2,0.1,0.0,-4.4788379426633576,0.21533566695391337,-4.4788379426623575,4.6941736096162705,1,False,recall_constrained,True,0.7211538461538461,0.5627376425855514,0.9932885906040269,0.7184466019417476,0.7262397659768179,0.6026490066225165,0.09324780979075824,inner_train_calibrated,StratifiedGroupKFold,5,10,3,3,1110,398,817,817,2,37,14,36,0.1836734693877551,29,12,33,0.22916666666666666,66,26,69,0.43513513513513513,0.3598531211750306,0.7386934673366834,0.4839506172839506
SKAB,dual_alergia_hysteresis,baseline_single_threshold,2,999,gaussian_noise,4,3,0.01,2,0.1,0.0,-4.4788379426633576,-4.4788379426633576,-4.4788379426633576,0.0,1,True,existing_single_threshold_baseline,True,0.3581730769230769,0.3581730769230769,1.0,0.5274336283185841,0.526960076960077,0.5055555555555555,0.01528314218718246,inner_train_calibrated,StratifiedGroupKFold,5,10,3,3,1110,398,1110,1110,2,37,14,36,0.1836734693877551,29,12,33,0.22916666666666666,66,26,69,0.35855855855855856,0.35855855855855856,1.0,0.5278514588859416
SKAB,dual_alergia_hysteresis,dual_threshold_hysteresis,2,999,gaussian_noise,4,3,0.01,2,0.1,0.0,-4.4788379426633576,0.21533566695391337,-4.4788379426623575,4.6941736096162705,1,False,recall_constrained,True,0.7211538461538461,0.5627376425855514,0.9932885906040269,0.7184466019417476,0.7262397659768179,0.6026490066225165,0.09324780979075824,inner_train_calibrated,StratifiedGroupKFold,5,10,3,3,1110,398,819,819,2,37,14,36,0.1836734693877551,29,12,33,0.22916666666666666,66,26,69,0.43333333333333335,0.358974358974359,0.7386934673366834,0.48315529991783074
SKAB,dual_alergia_hysteresis,baseline_single_threshold,2,999,unseen_data,4,3,0.01,2,0.1,0.0,-4.4788379426633576,-4.4788379426633576,-4.4788379426633576,0.0,1,True,existing_single_threshold_baseline,True,0.3581730769230769,0.3581730769230769,1.0,0.5274336283185841,0.526960076960077,0.5055555555555555,0.01528314218718246,inner_train_calibrated,StratifiedGroupKFold,5,10,3,3,2,0,2,2,2,37,14,36,0.1836734693877551,29,12,33,0.22916666666666666,66,26,69,0.0,0.0,0.0,0.0
SKAB,dual_alergia_hysteresis,dual_threshold_hysteresis,2,999,unseen_data,4,3,0.01,2,0.1,0.0,-4.4788379426633576,0.21533566695391337,-4.4788379426623575,4.6941736096162705,1,False,recall_constrained,True,0.7211538461538461,0.5627376425855514,0.9932885906040269,0.7184466019417476,0.7262397659768179,0.6026490066225165,0.09324780979075824,inner_train_calibrated,StratifiedGroupKFold,5,10,3,3,2,0,2,2,2,37,14,36,0.1836734693877551,29,12,33,0.22916666666666666,66,26,69,0.0,0.0,0.0,0.0
SKAB,dual_alergia_hysteresis,baseline_single_threshold,3,42,original,4,3,0.01,5,0.1,2.0,0.023053437022547953,0.023053437022547953,0.023053437022547953,0.0,1,True,existing_single_threshold_baseline,True,0.6105769230769231,0.4746450304259635,0.782608695652174,0.5909090909090909,0.5766806410370767,0.5,0.06265200858078042,inner_train_calibrated,StratifiedGroupKFold,5,10,3,3,1111,398,573,573,1,38,22,47,0.09710743801652892,30,18,40,0.12345679012345678,68,40,87,0.5742574257425742,0.43455497382198954,0.6256281407035176,0.5128733264675592
SKAB,dual_alergia_hysteresis,dual_threshold_hysteresis,3,42,original,4,3,0.01,5,0.1,2.0,0.023053437022547953,0.0675430080002492,-0.3115875933053355,0.3791306013055847,6,False,recall_constrained,True,0.8485576923076923,0.8473895582329317,0.705685618729097,0.7700729927007299,0.68585576933007,0.2830188679245283,0.2849229137372638,inner_train_calibrated,StratifiedGroupKFold,5,10,3,3,1111,398,661,555,1,38,22,47,0.09710743801652892,30,18,40,0.12345679012345678,68,40,87,0.558055805580558,0.41621621621621624,0.5804020100502513,0.48478488982161594
SKAB,dual_alergia_hysteresis,baseline_single_threshold,3,42,gaussian_noise,4,3,0.01,5,0.1,2.0,0.023053437022547953,0.023053437022547953,0.023053437022547953,0.0,1,True,existing_single_threshold_baseline,True,0.6105769230769231,0.4746450304259635,0.782608695652174,0.5909090909090909,0.5766806410370767,0.5,0.06265200858078042,inner_train_calibrated,StratifiedGroupKFold,5,10,3,3,1111,398,569,569,1,38,22,47,0.09710743801652892,30,18,40,0.12345679012345678,68,40,87,0.5904590459045904,0.44991212653778556,0.6432160804020101,0.5294725956566702
SKAB,dual_alergia_hysteresis,dual_threshold_hysteresis,3,42,gaussian_noise,4,3,0.01,5,0.1,2.0,0.023053437022547953,0.0675430080002492,-0.3115875933053355,0.3791306013055847,6,False,recall_constrained,True,0.8485576923076923,0.8473895582329317,0.705685618729097,0.7700729927007299,0.68585576933007,0.2830188679245283,0.2849229137372638,inner_train_calibrated,StratifiedGroupKFold,5,10,3,3,1111,398,673,569,1,38,22,47,0.09710743801652892,30,18,40,0.12345679012345678,68,40,87,0.5634563456345635,0.4235500878734622,0.6055276381909548,0.4984488107549121
SKAB,dual_alergia_hysteresis,baseline_single_threshold,3,42,unseen_data,4,3,0.01,5,0.1,2.0,0.023053437022547953,0.023053437022547953,0.023053437022547953,0.0,1,True,existing_single_threshold_baseline,True,0.6105769230769231,0.4746450304259635,0.782608695652174,0.5909090909090909,0.5766806410370767,0.5,0.06265200858078042,inner_train_calibrated,StratifiedGroupKFold,5,10,3,3,1,0,1,1,1,38,22,47,0.09710743801652892,30,18,40,0.12345679012345678,68,40,87,0.0,0.0,0.0,0.0
SKAB,dual_alergia_hysteresis,dual_threshold_hysteresis,3,42,unseen_data,4,3,0.01,5,0.1,2.0,0.023053437022547953,0.0675430080002492,-0.3115875933053355,0.3791306013055847,6,False,recall_constrained,True,0.8485576923076923,0.8473895582329317,0.705685618729097,0.7700729927007299,0.68585576933007,0.2830188679245283,0.2849229137372638,inner_train_calibrated,StratifiedGroupKFold,5,10,3,3,1,0,1,1,1,38,22,47,0.09710743801652892,30,18,40,0.12345679012345678,68,40,87,0.0,0.0,0.0,0.0
SKAB,dual_alergia_hysteresis,baseline_single_threshold,3,123,original,4,3,0.05,2,0.1,0.0,-0.0948659230424429,-0.0948659230424429,-0.0948659230424429,0.0,1,True,existing_single_threshold_baseline,True,0.39806996381182147,0.36774193548387096,0.9693877551020408,0.5332086061739943,0.5408149985765993,0.5204359673024523,0.020379031274146975,inner_train_calibrated,StratifiedGroupKFold,1,11,2,3,1111,398,953,953,1,36,18,39,0.12037037037037036,31,11,30,0.24793388429752067,67,29,69,0.41764176417641763,0.36935991605456453,0.8844221105527639,0.5210954848260547
SKAB,dual_alergia_hysteresis,dual_threshold_hysteresis,3,123,original,4,3,0.05,2,0.1,0.0,-0.0948659230424429,0.01187085279540788,-0.0948659230424429,0.10673677583785078,5,False,recall_constrained,True,0.4378769601930036,0.38283378746594005,0.95578231292517,0.546692607003891,0.5643162127430253,0.5225718194254446,0.04174439331758073,inner_train_calibrated,StratifiedGroupKFold,1,11,2,3,1111,398,865,808,1,36,18,39,0.12037037037037036,31,11,30,0.24793388429752067,67,29,69,0.44734473447344736,0.36633663366336633,0.7437185929648241,0.49087893864013266
SKAB,dual_alergia_hysteresis,baseline_single_threshold,3,123,gaussian_noise,4,3,0.05,2,0.1,0.0,-0.0948659230424429,-0.0948659230424429,-0.0948659230424429,0.0,1,True,existing_single_threshold_baseline,True,0.39806996381182147,0.36774193548387096,0.9693877551020408,0.5332086061739943,0.5408149985765993,0.5204359673024523,0.020379031274146975,inner_train_calibrated,StratifiedGroupKFold,1,11,2,3,1111,398,955,955,1,36,18,39,0.12037037037037036,31,11,30,0.24793388429752067,67,29,69,0.414041404140414,0.3675392670157068,0.8819095477386935,0.5188470066518847
SKAB,dual_alergia_hysteresis,dual_threshold_hysteresis,3,123,gaussian_noise,4,3,0.05,2,0.1,0.0,-0.0948659230424429,0.01187085279540788,-0.0948659230424429,0.10673677583785078,5,False,recall_constrained,True,0.4378769601930036,0.38283378746594005,0.95578231292517,0.546692607003891,0.5643162127430253,0.5225718194254446,0.04174439331758073,inner_train_calibrated,StratifiedGroupKFold,1,11,2,3,1111,398,868,800,1,36,18,39,0.12037037037037036,31,11,30,0.24793388429752067,67,29,69,0.45454545454545453,0.37,0.7437185929648241,0.4941569282136895
SKAB,dual_alergia_hysteresis,baseline_single_threshold,3,123,unseen_data,4,3,0.05,2,0.1,0.0,-0.0948659230424429,-0.0948659230424429,-0.0948659230424429,0.0,1,True,existing_single_threshold_baseline,True,0.39806996381182147,0.36774193548387096,0.9693877551020408,0.5332086061739943,0.5408149985765993,0.5204359673024523,0.020379031274146975,inner_train_calibrated,StratifiedGroupKFold,1,11,2,3,1,0,1,1,1,36,18,39,0.12037037037037036,31,11,30,0.24793388429752067,67,29,69,0.0,0.0,0.0,0.0
SKAB,dual_alergia_hysteresis,dual_threshold_hysteresis,3,123,unseen_data,4,3,0.05,2,0.1,0.0,-0.0948659230424429,0.01187085279540788,-0.0948659230424429,0.10673677583785078,5,False,recall_constrained,True,0.4378769601930036,0.38283378746594005,0.95578231292517,0.546692607003891,0.5643162127430253,0.5225718194254446,0.04174439331758073,inner_train_calibrated,StratifiedGroupKFold,1,11,2,3,1,0,1,1,1,36,18,39,0.12037037037037036,31,11,30,0.24793388429752067,67,29,69,0.0,0.0,0.0,0.0
SKAB,dual_alergia_hysteresis,baseline_single_threshold,3,2026,original,4,3,0.01,10,0.1,0.0,-3.0803471642415685,-3.0803471642415685,-3.0803471642415685,0.0,1,True,existing_single_threshold_baseline,True,0.36658653846153844,0.36053593179049936,0.9932885906040269,0.5290437890974083,0.5284511095399348,0.5100286532951289,0.013198148123173239,inner_train_calibrated,StratifiedGroupKFold,5,10,3,3,1111,398,1110,1110,1,38,27,55,0.07544581618655692,28,23,50,0.0945179584120983,66,50,105,0.35913591359135916,0.35855855855855856,1.0,0.5278514588859416
SKAB,dual_alergia_hysteresis,dual_threshold_hysteresis,3,2026,original,4,3,0.01,10,0.1,0.0,-3.0803471642415685,0.05289948598744899,-3.0803471642415685,3.1332466502290175,5,False,recall_constrained,True,0.5588942307692307,0.44651162790697674,0.9664429530201343,0.6108165429480382,0.6319258205788072,0.5416666666666666,0.09129684182557765,inner_train_calibrated,StratifiedGroupKFold,5,10,3,3,1111,398,841,840,1,38,27,55,0.07544581618655692,28,23,50,0.0945179584120983,66,50,105,0.44374437443744374,0.36904761904761907,0.7788944723618091,0.5008077544426495
SKAB,dual_alergia_hysteresis,baseline_single_threshold,3,2026,gaussian_noise,4,3,0.01,10,0.1,0.0,-3.0803471642415685,-3.0803471642415685,-3.0803471642415685,0.0,1,True,existing_single_threshold_baseline,True,0.36658653846153844,0.36053593179049936,0.9932885906040269,0.5290437890974083,0.5284511095399348,0.5100286532951289,0.013198148123173239,inner_train_calibrated,StratifiedGroupKFold,5,10,3,3,1111,398,1110,1110,1,38,27,55,0.07544581618655692,28,23,50,0.0945179584120983,66,50,105,0.35913591359135916,0.35855855855855856,1.0,0.5278514588859416
SKAB,dual_alergia_hysteresis,dual_threshold_hysteresis,3,2026,gaussian_noise,4,3,0.01,10,0.1,0.0,-3.0803471642415685,0.05289948598744899,-3.0803471642415685,3.1332466502290175,5,False,recall_constrained,True,0.5588942307692307,0.44651162790697674,0.9664429530201343,0.6108165429480382,0.6319258205788072,0.5416666666666666,0.09129684182557765,inner_train_calibrated,StratifiedGroupKFold,5,10,3,3,1111,398,842,841,1,38,27,55,0.07544581618655692,28,23,50,0.0945179584120983,66,50,105,0.44284428442844287,0.3686087990487515,0.7788944723618091,0.5004035512510089
SKAB,dual_alergia_hysteresis,baseline_single_threshold,3,2026,unseen_data,4,3,0.01,10,0.1,0.0,-3.0803471642415685,-3.0803471642415685,-3.0803471642415685,0.0,1,True,existing_single_threshold_baseline,True,0.36658653846153844,0.36053593179049936,0.9932885906040269,0.5290437890974083,0.5284511095399348,0.5100286532951289,0.013198148123173239,inner_train_calibrated,StratifiedGroupKFold,5,10,3,3,1,0,1,1,1,38,27,55,0.07544581618655692,28,23,50,0.0945179584120983,66,50,105,0.0,0.0,0.0,0.0
SKAB,dual_alergia_hysteresis,dual_threshold_hysteresis,3,2026,unseen_data,4,3,0.01,10,0.1,0.0,-3.0803471642415685,0.05289948598744899,-3.0803471642415685,3.1332466502290175,5,False,recall_constrained,True,0.5588942307692307,0.44651162790697674,0.9664429530201343,0.6108165429480382,0.6319258205788072,0.5416666666666666,0.09129684182557765,inner_train_calibrated,StratifiedGroupKFold,5,10,3,3,1,0,1,1,1,38,27,55,0.07544581618655692,28,23,50,0.0945179584120983,66,50,105,0.0,0.0,0.0,0.0
SKAB,dual_alergia_hysteresis,baseline_single_threshold,3,7,original,4,3,0.05,2,0.1,0.0,-0.0948659230424429,-0.0948659230424429,-0.0948659230424429,0.0,1,True,existing_single_threshold_baseline,True,0.39806996381182147,0.36774193548387096,0.9693877551020408,0.5332086061739943,0.5408149985765993,0.5204359673024523,0.020379031274146975,inner_train_calibrated,StratifiedGroupKFold,1,11,2,3,1111,398,953,953,1,36,18,39,0.12037037037037036,31,11,30,0.24793388429752067,67,29,69,0.41764176417641763,0.36935991605456453,0.8844221105527639,0.5210954848260547
SKAB,dual_alergia_hysteresis,dual_threshold_hysteresis,3,7,original,4,3,0.05,2,0.1,0.0,-0.0948659230424429,0.01187085279540788,-0.0948659230424429,0.10673677583785078,5,False,recall_constrained,True,0.4378769601930036,0.38283378746594005,0.95578231292517,0.546692607003891,0.5643162127430253,0.5225718194254446,0.04174439331758073,inner_train_calibrated,StratifiedGroupKFold,1,11,2,3,1111,398,865,808,1,36,18,39,0.12037037037037036,31,11,30,0.24793388429752067,67,29,69,0.44734473447344736,0.36633663366336633,0.7437185929648241,0.49087893864013266
SKAB,dual_alergia_hysteresis,baseline_single_threshold,3,7,gaussian_noise,4,3,0.05,2,0.1,0.0,-0.0948659230424429,-0.0948659230424429,-0.0948659230424429,0.0,1,True,existing_single_threshold_baseline,True,0.39806996381182147,0.36774193548387096,0.9693877551020408,0.5332086061739943,0.5408149985765993,0.5204359673024523,0.020379031274146975,inner_train_calibrated,StratifiedGroupKFold,1,11,2,3,1111,398,953,953,1,36,18,39,0.12037037037037036,31,11,30,0.24793388429752067,67,29,69,0.40864086408640865,0.3641133263378804,0.871859296482412,0.5136935603256847
SKAB,dual_alergia_hysteresis,dual_threshold_hysteresis,3,7,gaussian_noise,4,3,0.05,2,0.1,0.0,-0.0948659230424429,0.01187085279540788,-0.0948659230424429,0.10673677583785078,5,False,recall_constrained,True,0.4378769601930036,0.38283378746594005,0.95578231292517,0.546692607003891,0.5643162127430253,0.5225718194254446,0.04174439331758073,inner_train_calibrated,StratifiedGroupKFold,1,11,2,3,1111,398,871,796,1,36,18,39,0.12037037037037036,31,11,30,0.24793388429752067,67,29,69,0.4383438343834383,0.35804020100502515,0.7160804020100503,0.47738693467336685
SKAB,dual_alergia_hysteresis,baseline_single_threshold,3,7,unseen_data,4,3,0.05,2,0.1,0.0,-0.0948659230424429,-0.0948659230424429,-0.0948659230424429,0.0,1,True,existing_single_threshold_baseline,True,0.39806996381182147,0.36774193548387096,0.9693877551020408,0.5332086061739943,0.5408149985765993,0.5204359673024523,0.020379031274146975,inner_train_calibrated,StratifiedGroupKFold,1,11,2,3,1,0,1,1,1,36,18,39,0.12037037037037036,31,11,30,0.24793388429752067,67,29,69,0.0,0.0,0.0,0.0
SKAB,dual_alergia_hysteresis,dual_threshold_hysteresis,3,7,unseen_data,4,3,0.05,2,0.1,0.0,-0.0948659230424429,0.01187085279540788,-0.0948659230424429,0.10673677583785078,5,False,recall_constrained,True,0.4378769601930036,0.38283378746594005,0.95578231292517,0.546692607003891,0.5643162127430253,0.5225718194254446,0.04174439331758073,inner_train_calibrated,StratifiedGroupKFold,1,11,2,3,1,0,1,1,1,36,18,39,0.12037037037037036,31,11,30,0.24793388429752067,67,29,69,0.0,0.0,0.0,0.0
SKAB,dual_alergia_hysteresis,baseline_single_threshold,3,999,original,4,3,0.01,5,0.1,2.0,0.023053437022547953,0.023053437022547953,0.023053437022547953,0.0,1,True,existing_single_threshold_baseline,True,0.6105769230769231,0.4746450304259635,0.782608695652174,0.5909090909090909,0.5766806410370767,0.5,0.06265200858078042,inner_train_calibrated,StratifiedGroupKFold,5,10,3,3,1111,398,573,573,1,38,22,47,0.09710743801652892,30,18,40,0.12345679012345678,68,40,87,0.5742574257425742,0.43455497382198954,0.6256281407035176,0.5128733264675592
SKAB,dual_alergia_hysteresis,dual_threshold_hysteresis,3,999,original,4,3,0.01,5,0.1,2.0,0.023053437022547953,0.0675430080002492,-0.3115875933053355,0.3791306013055847,6,False,recall_constrained,True,0.8485576923076923,0.8473895582329317,0.705685618729097,0.7700729927007299,0.68585576933007,0.2830188679245283,0.2849229137372638,inner_train_calibrated,StratifiedGroupKFold,5,10,3,3,1111,398,661,555,1,38,22,47,0.09710743801652892,30,18,40,0.12345679012345678,68,40,87,0.558055805580558,0.41621621621621624,0.5804020100502513,0.48478488982161594
SKAB,dual_alergia_hysteresis,baseline_single_threshold,3,999,gaussian_noise,4,3,0.01,5,0.1,2.0,0.023053437022547953,0.023053437022547953,0.023053437022547953,0.0,1,True,existing_single_threshold_baseline,True,0.6105769230769231,0.4746450304259635,0.782608695652174,0.5909090909090909,0.5766806410370767,0.5,0.06265200858078042,inner_train_calibrated,StratifiedGroupKFold,5,10,3,3,1111,398,574,574,1,38,22,47,0.09710743801652892,30,18,40,0.12345679012345678,68,40,87,0.5787578757875788,0.43902439024390244,0.6331658291457286,0.5185185185185185
SKAB,dual_alergia_hysteresis,dual_threshold_hysteresis,3,999,gaussian_noise,4,3,0.01,5,0.1,2.0,0.023053437022547953,0.0675430080002492,-0.3115875933053355,0.3791306013055847,6,False,recall_constrained,True,0.8485576923076923,0.8473895582329317,0.705685618729097,0.7700729927007299,0.68585576933007,0.2830188679245283,0.2849229137372638,inner_train_calibrated,StratifiedGroupKFold,5,10,3,3,1111,398,671,565,1,38,22,47,0.09710743801652892,30,18,40,0.12345679012345678,68,40,87,0.5724572457245725,0.431858407079646,0.6130653266331658,0.5067497403946002
SKAB,dual_alergia_hysteresis,baseline_single_threshold,3,999,unseen_data,4,3,0.01,5,0.1,2.0,0.023053437022547953,0.023053437022547953,0.023053437022547953,0.0,1,True,existing_single_threshold_baseline,True,0.6105769230769231,0.4746450304259635,0.782608695652174,0.5909090909090909,0.5766806410370767,0.5,0.06265200858078042,inner_train_calibrated,StratifiedGroupKFold,5,10,3,3,1,0,1,1,1,38,22,47,0.09710743801652892,30,18,40,0.12345679012345678,68,40,87,0.0,0.0,0.0,0.0
SKAB,dual_alergia_hysteresis,dual_threshold_hysteresis,3,999,unseen_data,4,3,0.01,5,0.1,2.0,0.023053437022547953,0.0675430080002492,-0.3115875933053355,0.3791306013055847,6,False,recall_constrained,True,0.8485576923076923,0.8473895582329317,0.705685618729097,0.7700729927007299,0.68585576933007,0.2830188679245283,0.2849229137372638,inner_train_calibrated,StratifiedGroupKFold,5,10,3,3,1,0,1,1,1,38,22,47,0.09710743801652892,30,18,40,0.12345679012345678,68,40,87,0.0,0.0,0.0,0.0
SKAB,dual_alergia_hysteresis,baseline_single_threshold,4,42,original,4,3,0.01,10,0.1,0.0,-0.6256956726897647,-0.6256956726897647,-0.6256956726897647,0.0,1,True,existing_single_threshold_baseline,True,0.3658243080625752,0.3581907090464548,0.9932203389830508,0.5265049415992812,0.5311846475581252,0.516914749661705,0.014269897896420192,inner_train_calibrated,StratifiedGroupKFold,1,11,2,3,1095,416,1077,1077,2,35,19,41,0.11357340720221606,31,25,53,0.0848,66,44,94,0.39452054794520547,0.3853296193129062,0.9975961538461539,0.5559276624246483
SKAB,dual_alergia_hysteresis,dual_threshold_hysteresis,4,42,original,4,3,0.01,10,0.1,0.0,-0.6256956726897647,-0.6256956726897647,-0.6256956726897647,0.0,10,False,recall_constrained,True,0.40794223826714804,0.37420178799489145,0.9932203389830508,0.5435992578849722,0.5593423305830649,0.516914749661705,0.0424275809213599,inner_train_calibrated,StratifiedGroupKFold,1,11,2,3,1095,416,1077,1025,2,35,19,41,0.11357340720221606,31,25,53,0.0848,66,44,94,0.4420091324200913,0.40487804878048783,0.9975961538461539,0.5759888965995836
SKAB,dual_alergia_hysteresis,baseline_single_threshold,4,42,gaussian_noise,4,3,0.01,10,0.1,0.0,-0.6256956726897647,-0.6256956726897647,-0.6256956726897647,0.0,1,True,existing_single_threshold_baseline,True,0.3658243080625752,0.3581907090464548,0.9932203389830508,0.5265049415992812,0.5311846475581252,0.516914749661705,0.014269897896420192,inner_train_calibrated,StratifiedGroupKFold,1,11,2,3,1095,416,1077,1077,2,35,19,41,0.11357340720221606,31,25,53,0.0848,66,44,94,0.3963470319634703,0.3862581244196843,1.0,0.5572672471533825
SKAB,dual_alergia_hysteresis,dual_threshold_hysteresis,4,42,gaussian_noise,4,3,0.01,10,0.1,0.0,-0.6256956726897647,-0.6256956726897647,-0.6256956726897647,0.0,10,False,recall_constrained,True,0.40794223826714804,0.37420178799489145,0.9932203389830508,0.5435992578849722,0.5593423305830649,0.516914749661705,0.0424275809213599,inner_train_calibrated,StratifiedGroupKFold,1,11,2,3,1095,416,1077,1019,2,35,19,41,0.11357340720221606,31,25,53,0.0848,66,44,94,0.44931506849315067,0.408243375858685,1.0,0.5797909407665506
SKAB,dual_alergia_hysteresis,baseline_single_threshold,4,42,unseen_data,4,3,0.01,10,0.1,0.0,-0.6256956726897647,-0.6256956726897647,-0.6256956726897647,0.0,1,True,existing_single_threshold_baseline,True,0.3658243080625752,0.3581907090464548,0.9932203389830508,0.5265049415992812,0.5311846475581252,0.516914749661705,0.014269897896420192,inner_train_calibrated,StratifiedGroupKFold,1,11,2,3,2,0,2,2,2,35,19,41,0.11357340720221606,31,25,53,0.0848,66,44,94,0.0,0.0,0.0,0.0
SKAB,dual_alergia_hysteresis,dual_threshold_hysteresis,4,42,unseen_data,4,3,0.01,10,0.1,0.0,-0.6256956726897647,-0.6256956726897647,-0.6256956726897647,0.0,10,False,recall_constrained,True,0.40794223826714804,0.37420178799489145,0.9932203389830508,0.5435992578849722,0.5593423305830649,0.516914749661705,0.0424275809213599,inner_train_calibrated,StratifiedGroupKFold,1,11,2,3,2,0,2,2,2,35,19,41,0.11357340720221606,31,25,53,0.0848,66,44,94,0.0,0.0,0.0,0.0
SKAB,dual_alergia_hysteresis,baseline_single_threshold,4,123,original,4,3,0.05,10,1.0,0.0,-0.035899747519093625,-0.035899747519093625,-0.035899747519093625,0.0,1,True,existing_single_threshold_baseline,True,0.4614457831325301,0.39617486338797814,0.9830508474576272,0.5647517039922103,0.5981019426955947,0.5204359673024523,0.0776659753931424,inner_train_calibrated,StratifiedGroupKFold,1,11,2,3,1095,416,901,901,2,35,21,43,0.09750566893424037,31,24,50,0.08680555555555555,66,45,93,0.491324200913242,0.42175360710321863,0.9134615384615384,0.5770690964312832
SKAB,dual_alergia_hysteresis,dual_threshold_hysteresis,4,123,original,4,3,0.05,10,1.0,0.0,-0.035899747519093625,-0.035899747519093625,-0.08036654187325754,0.04446679435416391,8,False,recall_constrained,True,0.5096385542168674,0.4186046511627907,0.976271186440678,0.5859613428280773,0.6522234201725048,0.5190217391304348,0.13320168104207003,inner_train_calibrated,StratifiedGroupKFold,1,11,2,3,1095,416,937,852,2,35,21,43,0.09750566893424037,31,24,50,0.08680555555555555,66,45,93,0.5214611872146119,0.43661971830985913,0.8942307692307693,0.5867507886435331
SKAB,dual_alergia_hysteresis,baseline_single_threshold,4,123,gaussian_noise,4,3,0.05,10,1.0,0.0,-0.035899747519093625,-0.035899747519093625,-0.035899747519093625,0.0,1,True,existing_single_threshold_baseline,True,0.4614457831325301,0.39617486338797814,0.9830508474576272,0.5647517039922103,0.5981019426955947,0.5204359673024523,0.0776659753931424,inner_train_calibrated,StratifiedGroupKFold,1,11,2,3,1095,416,897,897,2,35,21,43,0.09750566893424037,31,24,50,0.08680555555555555,66,45,93,0.4986301369863014,0.4258639910813824,0.9182692307692307,0.5818735719725818
SKAB,dual_alergia_hysteresis,dual_threshold_hysteresis,4,123,gaussian_noise,4,3,0.05,10,1.0,0.0,-0.035899747519093625,-0.035899747519093625,-0.08036654187325754,0.04446679435416391,8,False,recall_constrained,True,0.5096385542168674,0.4186046511627907,0.976271186440678,0.5859613428280773,0.6522234201725048,0.5190217391304348,0.13320168104207003,inner_train_calibrated,StratifiedGroupKFold,1,11,2,3,1095,416,935,834,2,35,21,43,0.09750566893424037,31,24,50,0.08680555555555555,66,45,93,0.5305936073059361,0.4412470023980815,0.8846153846153846,0.5888
SKAB,dual_alergia_hysteresis,baseline_single_threshold,4,123,unseen_data,4,3,0.05,10,1.0,0.0,-0.035899747519093625,-0.035899747519093625,-0.035899747519093625,0.0,1,True,existing_single_threshold_baseline,True,0.4614457831325301,0.39617486338797814,0.9830508474576272,0.5647517039922103,0.5981019426955947,0.5204359673024523,0.0776659753931424,inner_train_calibrated,StratifiedGroupKFold,1,11,2,3,2,0,2,2,2,35,21,43,0.09750566893424037,31,24,50,0.08680555555555555,66,45,93,0.5,0.0,0.0,0.0
SKAB,dual_alergia_hysteresis,dual_threshold_hysteresis,4,123,unseen_data,4,3,0.05,10,1.0,0.0,-0.035899747519093625,-0.035899747519093625,-0.08036654187325754,0.04446679435416391,8,False,recall_constrained,True,0.5096385542168674,0.4186046511627907,0.976271186440678,0.5859613428280773,0.6522234201725048,0.5190217391304348,0.13320168104207003,inner_train_calibrated,StratifiedGroupKFold,1,11,2,3,2,0,2,2,2,35,21,43,0.09750566893424037,31,24,50,0.08680555555555555,66,45,93,1.0,0.0,0.0,0.0
SKAB,dual_alergia_hysteresis,baseline_single_threshold,4,2026,original,4,3,0.05,10,0.1,0.0,-0.07521059511480811,-0.07521059511480811,-0.07521059511480811,0.0,1,True,existing_single_threshold_baseline,True,0.3870192307692308,0.36691542288557216,0.9966216216216216,0.5363636363636364,0.5447954524275463,0.5197278911564626,0.025067561271083783,inner_train_calibrated,StratifiedGroupKFold,1,11,2,3,1095,416,919,919,2,35,23,53,0.1001890359168242,30,20,49,0.1225,65,43,102,0.4602739726027397,0.4047878128400435,0.8942307692307693,0.5573033707865168
SKAB,dual_alergia_hysteresis,dual_threshold_hysteresis,4,2026,original,4,3,0.05,10,0.1,0.0,-0.07521059511480811,-0.004592201341570089,-0.07521059511480811,0.07061839377323803,8,False,recall_constrained,True,0.4495192307692308,0.39228723404255317,0.9966216216216216,0.5629770992366412,0.5921323161852601,0.5197278911564626,0.07240442502879746,inner_train_calibrated,StratifiedGroupKFold,1,11,2,3,1095,416,919,808,2,35,23,53,0.1001890359168242,30,20,49,0.1225,65,43,102,0.5342465753424658,0.44183168316831684,0.8581730769230769,0.5833333333333334
SKAB,dual_alergia_hysteresis,baseline_single_threshold,4,2026,gaussian_noise,4,3,0.05,10,0.1,0.0,-0.07521059511480811,-0.07521059511480811,-0.07521059511480811,0.0,1,True,existing_single_threshold_baseline,True,0.3870192307692308,0.36691542288557216,0.9966216216216216,0.5363636363636364,0.5447954524275463,0.5197278911564626,0.025067561271083783,inner_train_calibrated,StratifiedGroupKFold,1,11,2,3,1095,416,907,907,2,35,23,53,0.1001890359168242,30,20,49,0.1225,65,43,102,0.4730593607305936,0.41124586549062847,0.8966346153846154,0.563869992441421
SKAB,dual_alergia_hysteresis,dual_threshold_hysteresis,4,2026,gaussian_noise,4,3,0.05,10,0.1,0.0,-0.07521059511480811,-0.004592201341570089,-0.07521059511480811,0.07061839377323803,8,False,recall_constrained,True,0.4495192307692308,0.39228723404255317,0.9966216216216216,0.5629770992366412,0.5921323161852601,0.5197278911564626,0.07240442502879746,inner_train_calibrated,StratifiedGroupKFold,1,11,2,3,1095,416,907,782,2,35,23,53,0.1001890359168242,30,20,49,0.1225,65,43,102,0.554337899543379,0.4539641943734015,0.8533653846153846,0.5926544240400667
SKAB,dual_alergia_hysteresis,baseline_single_threshold,4,2026,unseen_data,4,3,0.05,10,0.1,0.0,-0.07521059511480811,-0.07521059511480811,-0.07521059511480811,0.0,1,True,existing_single_threshold_baseline,True,0.3870192307692308,0.36691542288557216,0.9966216216216216,0.5363636363636364,0.5447954524275463,0.5197278911564626,0.025067561271083783,inner_train_calibrated,StratifiedGroupKFold,1,11,2,3,2,0,2,2,2,35,23,53,0.1001890359168242,30,20,49,0.1225,65,43,102,0.0,0.0,0.0,0.0
SKAB,dual_alergia_hysteresis,dual_threshold_hysteresis,4,2026,unseen_data,4,3,0.05,10,0.1,0.0,-0.07521059511480811,-0.004592201341570089,-0.07521059511480811,0.07061839377323803,8,False,recall_constrained,True,0.4495192307692308,0.39228723404255317,0.9966216216216216,0.5629770992366412,0.5921323161852601,0.5197278911564626,0.07240442502879746,inner_train_calibrated,StratifiedGroupKFold,1,11,2,3,2,0,2,2,2,35,23,53,0.1001890359168242,30,20,49,0.1225,65,43,102,0.0,0.0,0.0,0.0
SKAB,dual_alergia_hysteresis,baseline_single_threshold,4,7,original,4,3,0.05,10,0.1,0.0,-0.07521059511480811,-0.07521059511480811,-0.07521059511480811,0.0,1,True,existing_single_threshold_baseline,True,0.3870192307692308,0.36691542288557216,0.9966216216216216,0.5363636363636364,0.5447954524275463,0.5197278911564626,0.025067561271083783,inner_train_calibrated,StratifiedGroupKFold,1,11,2,3,1095,416,919,919,2,35,23,53,0.1001890359168242,30,20,49,0.1225,65,43,102,0.4602739726027397,0.4047878128400435,0.8942307692307693,0.5573033707865168
SKAB,dual_alergia_hysteresis,dual_threshold_hysteresis,4,7,original,4,3,0.05,10,0.1,0.0,-0.07521059511480811,-0.004592201341570089,-0.07521059511480811,0.07061839377323803,8,False,recall_constrained,True,0.4495192307692308,0.39228723404255317,0.9966216216216216,0.5629770992366412,0.5921323161852601,0.5197278911564626,0.07240442502879746,inner_train_calibrated,StratifiedGroupKFold,1,11,2,3,1095,416,919,808,2,35,23,53,0.1001890359168242,30,20,49,0.1225,65,43,102,0.5342465753424658,0.44183168316831684,0.8581730769230769,0.5833333333333334
SKAB,dual_alergia_hysteresis,baseline_single_threshold,4,7,gaussian_noise,4,3,0.05,10,0.1,0.0,-0.07521059511480811,-0.07521059511480811,-0.07521059511480811,0.0,1,True,existing_single_threshold_baseline,True,0.3870192307692308,0.36691542288557216,0.9966216216216216,0.5363636363636364,0.5447954524275463,0.5197278911564626,0.025067561271083783,inner_train_calibrated,StratifiedGroupKFold,1,11,2,3,1095,416,927,927,2,35,23,53,0.1001890359168242,30,20,49,0.1225,65,43,102,0.45844748858447487,0.4045307443365696,0.9014423076923077,0.5584512285927029
SKAB,dual_alergia_hysteresis,dual_threshold_hysteresis,4,7,gaussian_noise,4,3,0.05,10,0.1,0.0,-0.07521059511480811,-0.004592201341570089,-0.07521059511480811,0.07061839377323803,8,False,recall_constrained,True,0.4495192307692308,0.39228723404255317,0.9966216216216216,0.5629770992366412,0.5921323161852601,0.5197278911564626,0.07240442502879746,inner_train_calibrated,StratifiedGroupKFold,1,11,2,3,1095,416,927,825,2,35,23,53,0.1001890359168242,30,20,49,0.1225,65,43,102,0.5187214611872146,0.43272727272727274,0.8581730769230769,0.5753424657534246
SKAB,dual_alergia_hysteresis,baseline_single_threshold,4,7,unseen_data,4,3,0.05,10,0.1,0.0,-0.07521059511480811,-0.07521059511480811,-0.07521059511480811,0.0,1,True,existing_single_threshold_baseline,True,0.3870192307692308,0.36691542288557216,0.9966216216216216,0.5363636363636364,0.5447954524275463,0.5197278911564626,0.025067561271083783,inner_train_calibrated,StratifiedGroupKFold,1,11,2,3,2,0,2,2,2,35,23,53,0.1001890359168242,30,20,49,0.1225,65,43,102,0.0,0.0,0.0,0.0
SKAB,dual_alergia_hysteresis,dual_threshold_hysteresis,4,7,unseen_data,4,3,0.05,10,0.1,0.0,-0.07521059511480811,-0.004592201341570089,-0.07521059511480811,0.07061839377323803,8,False,recall_constrained,True,0.4495192307692308,0.39228723404255317,0.9966216216216216,0.5629770992366412,0.5921323161852601,0.5197278911564626,0.07240442502879746,inner_train_calibrated,StratifiedGroupKFold,1,11,2,3,2,0,2,2,2,35,23,53,0.1001890359168242,30,20,49,0.1225,65,43,102,0.0,0.0,0.0,0.0
SKAB,dual_alergia_hysteresis,baseline_single_threshold,4,999,original,4,3,0.05,10,0.1,0.0,-0.07521059511480811,-0.07521059511480811,-0.07521059511480811,0.0,1,True,existing_single_threshold_baseline,True,0.3870192307692308,0.36691542288557216,0.9966216216216216,0.5363636363636364,0.5447954524275463,0.5197278911564626,0.025067561271083783,inner_train_calibrated,StratifiedGroupKFold,1,11,2,3,1095,416,919,919,2,35,23,53,0.1001890359168242,30,20,49,0.1225,65,43,102,0.4602739726027397,0.4047878128400435,0.8942307692307693,0.5573033707865168
SKAB,dual_alergia_hysteresis,dual_threshold_hysteresis,4,999,original,4,3,0.05,10,0.1,0.0,-0.07521059511480811,-0.004592201341570089,-0.07521059511480811,0.07061839377323803,8,False,recall_constrained,True,0.4495192307692308,0.39228723404255317,0.9966216216216216,0.5629770992366412,0.5921323161852601,0.5197278911564626,0.07240442502879746,inner_train_calibrated,StratifiedGroupKFold,1,11,2,3,1095,416,919,808,2,35,23,53,0.1001890359168242,30,20,49,0.1225,65,43,102,0.5342465753424658,0.44183168316831684,0.8581730769230769,0.5833333333333334
SKAB,dual_alergia_hysteresis,baseline_single_threshold,4,999,gaussian_noise,4,3,0.05,10,0.1,0.0,-0.07521059511480811,-0.07521059511480811,-0.07521059511480811,0.0,1,True,existing_single_threshold_baseline,True,0.3870192307692308,0.36691542288557216,0.9966216216216216,0.5363636363636364,0.5447954524275463,0.5197278911564626,0.025067561271083783,inner_train_calibrated,StratifiedGroupKFold,1,11,2,3,1095,416,919,919,2,35,23,53,0.1001890359168242,30,20,49,0.1225,65,43,102,0.4694063926940639,0.4102285092491839,0.90625,0.5647940074906367
SKAB,dual_alergia_hysteresis,dual_threshold_hysteresis,4,999,gaussian_noise,4,3,0.05,10,0.1,0.0,-0.07521059511480811,-0.004592201341570089,-0.07521059511480811,0.07061839377323803,8,False,recall_constrained,True,0.4495192307692308,0.39228723404255317,0.9966216216216216,0.5629770992366412,0.5921323161852601,0.5197278911564626,0.07240442502879746,inner_train_calibrated,StratifiedGroupKFold,1,11,2,3,1095,416,919,830,2,35,23,53,0.1001890359168242,30,20,49,0.1225,65,43,102,0.5305936073059361,0.44096385542168676,0.8798076923076923,0.5874799357945425
SKAB,dual_alergia_hysteresis,baseline_single_threshold,4,999,unseen_data,4,3,0.05,10,0.1,0.0,-0.07521059511480811,-0.07521059511480811,-0.07521059511480811,0.0,1,True,existing_single_threshold_baseline,True,0.3870192307692308,0.36691542288557216,0.9966216216216216,0.5363636363636364,0.5447954524275463,0.5197278911564626,0.025067561271083783,inner_train_calibrated,StratifiedGroupKFold,1,11,2,3,2,0,2,2,2,35,23,53,0.1001890359168242,30,20,49,0.1225,65,43,102,0.0,0.0,0.0,0.0
SKAB,dual_alergia_hysteresis,dual_threshold_hysteresis,4,999,unseen_data,4,3,0.05,10,0.1,0.0,-0.07521059511480811,-0.004592201341570089,-0.07521059511480811,0.07061839377323803,8,False,recall_constrained,True,0.4495192307692308,0.39228723404255317,0.9966216216216216,0.5629770992366412,0.5921323161852601,0.5197278911564626,0.07240442502879746,inner_train_calibrated,StratifiedGroupKFold,1,11,2,3,2,0,2,2,2,35,23,53,0.1001890359168242,30,20,49,0.1225,65,43,102,0.0,0.0,0.0,0.0
SKAB,dual_alergia_hysteresis,baseline_single_threshold,5,42,original,4,3,0.01,10,1.0,0.0,-0.7650769117202065,-0.7650769117202065,-0.7650769117202065,0.0,1,True,existing_single_threshold_baseline,True,0.39759036144578314,0.36828644501278773,0.9795918367346939,0.5353159851301115,0.5458934306860574,0.5170068027210885,0.02888662796496899,inner_train_calibrated,StratifiedGroupKFold,1,10,2,4,1118,417,1033,1033,0,38,30,52,0.057777777777777775,29,22,46,0.09504132231404959,67,52,98,0.38998211091234347,0.3717328170377541,0.920863309352518,0.5296551724137931
SKAB,dual_alergia_hysteresis,dual_threshold_hysteresis,5,42,original,4,3,0.01,10,1.0,0.0,-0.7650769117202065,-0.2641515750415868,-0.8570437002377901,0.5928921251962033,8,False,recall_constrained,True,0.5132530120481927,0.4181547619047619,0.95578231292517,0.5817805383022774,0.6538043478260869,0.5163043478260869,0.1375,inner_train_calibrated,StratifiedGroupKFold,1,10,2,4,1118,417,753,692,0,38,30,52,0.057777777777777775,29,22,46,0.09504132231404959,67,52,98,0.4928443649373882,0.3916184971098266,0.6498800959232613,0.48872858431018934
SKAB,dual_alergia_hysteresis,baseline_single_threshold,5,42,gaussian_noise,4,3,0.01,10,1.0,0.0,-0.7650769117202065,-0.7650769117202065,-0.7650769117202065,0.0,1,True,existing_single_threshold_baseline,True,0.39759036144578314,0.36828644501278773,0.9795918367346939,0.5353159851301115,0.5458934306860574,0.5170068027210885,0.02888662796496899,inner_train_calibrated,StratifiedGroupKFold,1,10,2,4,1118,417,1036,1036,0,38,30,52,0.057777777777777775,29,22,46,0.09504132231404959,67,52,98,0.3962432915921288,0.3754826254826255,0.9328537170263789,0.5354439091534756
SKAB,dual_alergia_hysteresis,dual_threshold_hysteresis,5,42,gaussian_noise,4,3,0.01,10,1.0,0.0,-0.7650769117202065,-0.2641515750415868,-0.8570437002377901,0.5928921251962033,8,False,recall_constrained,True,0.5132530120481927,0.4181547619047619,0.95578231292517,0.5817805383022774,0.6538043478260869,0.5163043478260869,0.1375,inner_train_calibrated,StratifiedGroupKFold,1,10,2,4,1118,417,738,676,0,38,30,52,0.057777777777777775,29,22,46,0.09504132231404959,67,52,98,0.49105545617173524,0.3875739644970414,0.6282973621103117,0.4794144556267155
SKAB,dual_alergia_hysteresis,baseline_single_threshold,5,42,unseen_data,4,3,0.01,10,1.0,0.0,-0.7650769117202065,-0.7650769117202065,-0.7650769117202065,0.0,1,True,existing_single_threshold_baseline,True,0.39759036144578314,0.36828644501278773,0.9795918367346939,0.5353159851301115,0.5458934306860574,0.5170068027210885,0.02888662796496899,inner_train_calibrated,StratifiedGroupKFold,1,10,2,4,0,0,0,0,0,38,30,52,0.057777777777777775,29,22,46,0.09504132231404959,67,52,98,0.0,0.0,0.0,0.0
SKAB,dual_alergia_hysteresis,dual_threshold_hysteresis,5,42,unseen_data,4,3,0.01,10,1.0,0.0,-0.7650769117202065,-0.2641515750415868,-0.8570437002377901,0.5928921251962033,8,False,recall_constrained,True,0.5132530120481927,0.4181547619047619,0.95578231292517,0.5817805383022774,0.6538043478260869,0.5163043478260869,0.1375,inner_train_calibrated,StratifiedGroupKFold,1,10,2,4,0,0,0,0,0,38,30,52,0.057777777777777775,29,22,46,0.09504132231404959,67,52,98,0.0,0.0,0.0,0.0
SKAB,dual_alergia_hysteresis,baseline_single_threshold,5,123,original,4,3,0.01,10,1.0,0.0,-0.021662718826137198,-0.021662718826137198,-0.021662718826137198,0.0,1,True,existing_single_threshold_baseline,True,0.5006031363088058,0.4127906976744186,0.9659863945578231,0.5784114052953157,0.627869924875496,0.520891364902507,0.10697855997298894,inner_train_calibrated,StratifiedGroupKFold,1,10,2,4,1118,417,372,372,0,38,30,52,0.057777777777777775,29,23,46,0.08695652173913043,67,53,98,0.4785330948121646,0.2768817204301075,0.24700239808153476,0.26108998732572875
SKAB,dual_alergia_hysteresis,dual_threshold_hysteresis,5,123,original,4,3,0.01,10,1.0,0.0,-0.021662718826137198,-0.021662718826137198,-0.5560204558814213,0.5343577370552841,12,False,recall_constrained,True,0.5367913148371531,0.4330357142857143,0.9897959183673469,0.6024844720496895,0.6838959752744908,0.5200553250345782,0.16384065023991257,inner_train_calibrated,StratifiedGroupKFold,1,10,2,4,1118,417,740,604,0,38,30,52,0.057777777777777775,29,23,46,0.08695652173913043,67,53,98,0.5572450805008945,0.43543046357615894,0.6306954436450839,0.515181194906954
SKAB,dual_alergia_hysteresis,baseline_single_threshold,5,123,gaussian_noise,4,3,0.01,10,1.0,0.0,-0.021662718826137198,-0.021662718826137198,-0.021662718826137198,0.0,1,True,existing_single_threshold_baseline,True,0.5006031363088058,0.4127906976744186,0.9659863945578231,0.5784114052953157,0.627869924875496,0.520891364902507,0.10697855997298894,inner_train_calibrated,StratifiedGroupKFold,1,10,2,4,1118,417,381,381,0,38,30,52,0.057777777777777775,29,23,46,0.08695652173913043,67,53,98,0.46869409660107336,0.2677165354330709,0.2446043165467626,0.2556390977443609
SKAB,dual_alergia_hysteresis,dual_threshold_hysteresis,5,123,gaussian_noise,4,3,0.01,10,1.0,0.0,-0.021662718826137198,-0.021662718826137198,-0.5560204558814213,0.5343577370552841,12,False,recall_constrained,True,0.5367913148371531,0.4330357142857143,0.9897959183673469,0.6024844720496895,0.6838959752744908,0.5200553250345782,0.16384065023991257,inner_train_calibrated,StratifiedGroupKFold,1,10,2,4,1118,417,735,624,0,38,30,52,0.057777777777777775,29,23,46,0.08695652173913043,67,53,98,0.5286225402504472,0.41185897435897434,0.6163069544364509,0.49375600384245916
SKAB,dual_alergia_hysteresis,baseline_single_threshold,5,123,unseen_data,4,3,0.01,10,1.0,0.0,-0.021662718826137198,-0.021662718826137198,-0.021662718826137198,0.0,1,True,existing_single_threshold_baseline,True,0.5006031363088058,0.4127906976744186,0.9659863945578231,0.5784114052953157,0.627869924875496,0.520891364902507,0.10697855997298894,inner_train_calibrated,StratifiedGroupKFold,1,10,2,4,0,0,0,0,0,38,30,52,0.057777777777777775,29,23,46,0.08695652173913043,67,53,98,0.0,0.0,0.0,0.0
SKAB,dual_alergia_hysteresis,dual_threshold_hysteresis,5,123,unseen_data,4,3,0.01,10,1.0,0.0,-0.021662718826137198,-0.021662718826137198,-0.5560204558814213,0.5343577370552841,12,False,recall_constrained,True,0.5367913148371531,0.4330357142857143,0.9897959183673469,0.6024844720496895,0.6838959752744908,0.5200553250345782,0.16384065023991257,inner_train_calibrated,StratifiedGroupKFold,1,10,2,4,0,0,0,0,0,38,30,52,0.057777777777777775,29,23,46,0.08695652173913043,67,53,98,0.0,0.0,0.0,0.0
SKAB,dual_alergia_hysteresis,baseline_single_threshold,5,2026,original,4,3,0.01,10,1.0,0.0,-0.021662718826137198,-0.021662718826137198,-0.021662718826137198,0.0,1,True,existing_single_threshold_baseline,True,0.5006031363088058,0.4127906976744186,0.9659863945578231,0.5784114052953157,0.627869924875496,0.520891364902507,0.10697855997298894,inner_train_calibrated,StratifiedGroupKFold,1,10,2,4,1118,417,372,372,0,38,30,52,0.057777777777777775,29,23,46,0.08695652173913043,67,53,98,0.4785330948121646,0.2768817204301075,0.24700239808153476,0.26108998732572875
SKAB,dual_alergia_hysteresis,dual_threshold_hysteresis,5,2026,original,4,3,0.01,10,1.0,0.0,-0.021662718826137198,-0.021662718826137198,-0.5560204558814213,0.5343577370552841,12,False,recall_constrained,True,0.5367913148371531,0.4330357142857143,0.9897959183673469,0.6024844720496895,0.6838959752744908,0.5200553250345782,0.16384065023991257,inner_train_calibrated,StratifiedGroupKFold,1,10,2,4,1118,417,740,604,0,38,30,52,0.057777777777777775,29,23,46,0.08695652173913043,67,53,98,0.5572450805008945,0.43543046357615894,0.6306954436450839,0.515181194906954
SKAB,dual_alergia_hysteresis,baseline_single_threshold,5,2026,gaussian_noise,4,3,0.01,10,1.0,0.0,-0.021662718826137198,-0.021662718826137198,-0.021662718826137198,0.0,1,True,existing_single_threshold_baseline,True,0.5006031363088058,0.4127906976744186,0.9659863945578231,0.5784114052953157,0.627869924875496,0.520891364902507,0.10697855997298894,inner_train_calibrated,StratifiedGroupKFold,1,10,2,4,1118,417,377,377,0,38,30,52,0.057777777777777775,29,23,46,0.08695652173913043,67,53,98,0.4776386404293381,0.27851458885941643,0.2517985611510791,0.26448362720403024
SKAB,dual_alergia_hysteresis,dual_threshold_hysteresis,5,2026,gaussian_noise,4,3,0.01,10,1.0,0.0,-0.021662718826137198,-0.021662718826137198,-0.5560204558814213,0.5343577370552841,12,False,recall_constrained,True,0.5367913148371531,0.4330357142857143,0.9897959183673469,0.6024844720496895,0.6838959752744908,0.5200553250345782,0.16384065023991257,inner_train_calibrated,StratifiedGroupKFold,1,10,2,4,1118,417,733,608,0,38,30,52,0.057777777777777775,29,23,46,0.08695652173913043,67,53,98,0.535778175313059,0.4161184210526316,0.6067146282973621,0.49365853658536585
SKAB,dual_alergia_hysteresis,baseline_single_threshold,5,2026,unseen_data,4,3,0.01,10,1.0,0.0,-0.021662718826137198,-0.021662718826137198,-0.021662718826137198,0.0,1,True,existing_single_threshold_baseline,True,0.5006031363088058,0.4127906976744186,0.9659863945578231,0.5784114052953157,0.627869924875496,0.520891364902507,0.10697855997298894,inner_train_calibrated,StratifiedGroupKFold,1,10,2,4,0,0,0,0,0,38,30,52,0.057777777777777775,29,23,46,0.08695652173913043,67,53,98,0.0,0.0,0.0,0.0
SKAB,dual_alergia_hysteresis,dual_threshold_hysteresis,5,2026,unseen_data,4,3,0.01,10,1.0,0.0,-0.021662718826137198,-0.021662718826137198,-0.5560204558814213,0.5343577370552841,12,False,recall_constrained,True,0.5367913148371531,0.4330357142857143,0.9897959183673469,0.6024844720496895,0.6838959752744908,0.5200553250345782,0.16384065023991257,inner_train_calibrated,StratifiedGroupKFold,1,10,2,4,0,0,0,0,0,38,30,52,0.057777777777777775,29,23,46,0.08695652173913043,67,53,98,0.0,0.0,0.0,0.0
SKAB,dual_alergia_hysteresis,baseline_single_threshold,5,7,original,4,3,0.01,10,1.0,0.0,-0.7650769117202065,-0.7650769117202065,-0.7650769117202065,0.0,1,True,existing_single_threshold_baseline,True,0.39759036144578314,0.36828644501278773,0.9795918367346939,0.5353159851301115,0.5458934306860574,0.5170068027210885,0.02888662796496899,inner_train_calibrated,StratifiedGroupKFold,1,10,2,4,1118,417,1033,1033,0,38,30,52,0.057777777777777775,29,22,46,0.09504132231404959,67,52,98,0.38998211091234347,0.3717328170377541,0.920863309352518,0.5296551724137931
SKAB,dual_alergia_hysteresis,dual_threshold_hysteresis,5,7,original,4,3,0.01,10,1.0,0.0,-0.7650769117202065,-0.2641515750415868,-0.8570437002377901,0.5928921251962033,8,False,recall_constrained,True,0.5132530120481927,0.4181547619047619,0.95578231292517,0.5817805383022774,0.6538043478260869,0.5163043478260869,0.1375,inner_train_calibrated,StratifiedGroupKFold,1,10,2,4,1118,417,753,692,0,38,30,52,0.057777777777777775,29,22,46,0.09504132231404959,67,52,98,0.4928443649373882,0.3916184971098266,0.6498800959232613,0.48872858431018934
SKAB,dual_alergia_hysteresis,baseline_single_threshold,5,7,gaussian_noise,4,3,0.01,10,1.0,0.0,-0.7650769117202065,-0.7650769117202065,-0.7650769117202065,0.0,1,True,existing_single_threshold_baseline,True,0.39759036144578314,0.36828644501278773,0.9795918367346939,0.5353159851301115,0.5458934306860574,0.5170068027210885,0.02888662796496899,inner_train_calibrated,StratifiedGroupKFold,1,10,2,4,1118,417,1032,1032,0,38,30,52,0.057777777777777775,29,22,46,0.09504132231404959,67,52,98,0.387298747763864,0.3701550387596899,0.9160671462829736,0.5272601794340924
SKAB,dual_alergia_hysteresis,dual_threshold_hysteresis,5,7,gaussian_noise,4,3,0.01,10,1.0,0.0,-0.7650769117202065,-0.2641515750415868,-0.8570437002377901,0.5928921251962033,8,False,recall_constrained,True,0.5132530120481927,0.4181547619047619,0.95578231292517,0.5817805383022774,0.6538043478260869,0.5163043478260869,0.1375,inner_train_calibrated,StratifiedGroupKFold,1,10,2,4,1118,417,747,678,0,38,30,52,0.057777777777777775,29,22,46,0.09504132231404959,67,52,98,0.4874776386404293,0.38495575221238937,0.6258992805755396,0.4767123287671233
SKAB,dual_alergia_hysteresis,baseline_single_threshold,5,7,unseen_data,4,3,0.01,10,1.0,0.0,-0.7650769117202065,-0.7650769117202065,-0.7650769117202065,0.0,1,True,existing_single_threshold_baseline,True,0.39759036144578314,0.36828644501278773,0.9795918367346939,0.5353159851301115,0.5458934306860574,0.5170068027210885,0.02888662796496899,inner_train_calibrated,StratifiedGroupKFold,1,10,2,4,0,0,0,0,0,38,30,52,0.057777777777777775,29,22,46,0.09504132231404959,67,52,98,0.0,0.0,0.0,0.0
SKAB,dual_alergia_hysteresis,dual_threshold_hysteresis,5,7,unseen_data,4,3,0.01,10,1.0,0.0,-0.7650769117202065,-0.2641515750415868,-0.8570437002377901,0.5928921251962033,8,False,recall_constrained,True,0.5132530120481927,0.4181547619047619,0.95578231292517,0.5817805383022774,0.6538043478260869,0.5163043478260869,0.1375,inner_train_calibrated,StratifiedGroupKFold,1,10,2,4,0,0,0,0,0,38,30,52,0.057777777777777775,29,22,46,0.09504132231404959,67,52,98,0.0,0.0,0.0,0.0
SKAB,dual_alergia_hysteresis,baseline_single_threshold,5,999,original,4,3,0.01,10,1.0,0.0,-0.7650769117202065,-0.7650769117202065,-0.7650769117202065,0.0,1,True,existing_single_threshold_baseline,True,0.39759036144578314,0.36828644501278773,0.9795918367346939,0.5353159851301115,0.5458934306860574,0.5170068027210885,0.02888662796496899,inner_train_calibrated,StratifiedGroupKFold,1,10,2,4,1118,417,1033,1033,0,38,30,52,0.057777777777777775,29,22,46,0.09504132231404959,67,52,98,0.38998211091234347,0.3717328170377541,0.920863309352518,0.5296551724137931
SKAB,dual_alergia_hysteresis,dual_threshold_hysteresis,5,999,original,4,3,0.01,10,1.0,0.0,-0.7650769117202065,-0.2641515750415868,-0.8570437002377901,0.5928921251962033,8,False,recall_constrained,True,0.5132530120481927,0.4181547619047619,0.95578231292517,0.5817805383022774,0.6538043478260869,0.5163043478260869,0.1375,inner_train_calibrated,StratifiedGroupKFold,1,10,2,4,1118,417,753,692,0,38,30,52,0.057777777777777775,29,22,46,0.09504132231404959,67,52,98,0.4928443649373882,0.3916184971098266,0.6498800959232613,0.48872858431018934
SKAB,dual_alergia_hysteresis,baseline_single_threshold,5,999,gaussian_noise,4,3,0.01,10,1.0,0.0,-0.7650769117202065,-0.7650769117202065,-0.7650769117202065,0.0,1,True,existing_single_threshold_baseline,True,0.39759036144578314,0.36828644501278773,0.9795918367346939,0.5353159851301115,0.5458934306860574,0.5170068027210885,0.02888662796496899,inner_train_calibrated,StratifiedGroupKFold,1,10,2,4,1118,417,1042,1042,0,38,30,52,0.057777777777777775,29,22,46,0.09504132231404959,67,52,98,0.3926654740608229,0.3742802303262956,0.935251798561151,0.5346127484578478
SKAB,dual_alergia_hysteresis,dual_threshold_hysteresis,5,999,gaussian_noise,4,3,0.01,10,1.0,0.0,-0.7650769117202065,-0.2641515750415868,-0.8570437002377901,0.5928921251962033,8,False,recall_constrained,True,0.5132530120481927,0.4181547619047619,0.95578231292517,0.5817805383022774,0.6538043478260869,0.5163043478260869,0.1375,inner_train_calibrated,StratifiedGroupKFold,1,10,2,4,1118,417,753,702,0,38,30,52,0.057777777777777775,29,22,46,0.09504132231404959,67,52,98,0.4856887298747764,0.38746438746438744,0.6522781774580336,0.48614834673815904
SKAB,dual_alergia_hysteresis,baseline_single_threshold,5,999,unseen_data,4,3,0.01,10,1.0,0.0,-0.7650769117202065,-0.7650769117202065,-0.7650769117202065,0.0,1,True,existing_single_threshold_baseline,True,0.39759036144578314,0.36828644501278773,0.9795918367346939,0.5353159851301115,0.5458934306860574,0.5170068027210885,0.02888662796496899,inner_train_calibrated,StratifiedGroupKFold,1,10,2,4,0,0,0,0,0,38,30,52,0.057777777777777775,29,22,46,0.09504132231404959,67,52,98,0.0,0.0,0.0,0.0
SKAB,dual_alergia_hysteresis,dual_threshold_hysteresis,5,999,unseen_data,4,3,0.01,10,1.0,0.0,-0.7650769117202065,-0.2641515750415868,-0.8570437002377901,0.5928921251962033,8,False,recall_constrained,True,0.5132530120481927,0.4181547619047619,0.95578231292517,0.5817805383022774,0.6538043478260869,0.5163043478260869,0.1375,inner_train_calibrated,StratifiedGroupKFold,1,10,2,4,0,0,0,0,0,38,30,52,0.057777777777777775,29,22,46,0.09504132231404959,67,52,98,0.0,0.0,0.0,0.0
