dataset,model,fold,seed,scenario,window_size,alphabet_size,normal_merge_alpha,normal_min_state_count,normal_smoothing_alpha,anomaly_merge_alpha,anomaly_min_state_count,anomaly_smoothing_alpha,normal_distance_penalty,anomaly_distance_penalty,selected_threshold,min_anomaly_run,validation_f1,validation_recall,validation_recall_constraint_met,selected_pair_shared_parameters,final_training_scope,inner_splitter,inner_split_id,inner_train_file_count,inner_validation_file_count,test_file_count,sample_count,actual_anomaly_count,unseen_count,normal_states_before,normal_states_after,normal_transition_count,normal_transition_density,anomaly_states_before,anomaly_states_after,anomaly_transition_count,anomaly_transition_density,total_states_before,total_states_after,total_transition_count,accuracy,precision,recall,f1_score
SKAB,class_specific_dual_alergia,1,42,original,4,3,0.01,2,0.1,0.01,10,1.0,0.0,2.0,-0.2946507417678742,10,0.5530612244897959,0.9217687074829932,True,False,inner_train_calibrated,StratifiedGroupKFold,1,11,2,3,1115,400,2,36,17,38,0.1314878892733564,28,22,44,0.09090909090909091,64,39,82,0.40717488789237666,0.337888198757764,0.68,0.45145228215767635
SKAB,class_specific_dual_alergia,1,42,gaussian_noise,4,3,0.01,2,0.1,0.01,10,1.0,0.0,2.0,-0.2946507417678742,10,0.5530612244897959,0.9217687074829932,True,False,inner_train_calibrated,StratifiedGroupKFold,1,11,2,3,1115,400,2,36,17,38,0.1314878892733564,28,22,44,0.09090909090909091,64,39,82,0.41524663677130047,0.3417085427135678,0.68,0.45484949832775917
SKAB,class_specific_dual_alergia,1,42,unseen_data,4,3,0.01,2,0.1,0.01,10,1.0,0.0,2.0,-0.2946507417678742,10,0.5530612244897959,0.9217687074829932,True,False,inner_train_calibrated,StratifiedGroupKFold,1,11,2,3,2,0,2,36,17,38,0.1314878892733564,28,22,44,0.09090909090909091,64,39,82,1.0,0.0,0.0,0.0
SKAB,class_specific_dual_alergia,1,123,original,4,3,0.01,2,0.1,0.01,10,1.0,0.0,2.0,-0.2946507417678742,10,0.5530612244897959,0.9217687074829932,True,False,inner_train_calibrated,StratifiedGroupKFold,1,11,2,3,1115,400,2,36,17,38,0.1314878892733564,28,22,44,0.09090909090909091,64,39,82,0.40717488789237666,0.337888198757764,0.68,0.45145228215767635
SKAB,class_specific_dual_alergia,1,123,gaussian_noise,4,3,0.01,2,0.1,0.01,10,1.0,0.0,2.0,-0.2946507417678742,10,0.5530612244897959,0.9217687074829932,True,False,inner_train_calibrated,StratifiedGroupKFold,1,11,2,3,1115,400,2,36,17,38,0.1314878892733564,28,22,44,0.09090909090909091,64,39,82,0.4134529147982063,0.34045226130653267,0.6775,0.4531772575250836
SKAB,class_specific_dual_alergia,1,123,unseen_data,4,3,0.01,2,0.1,0.01,10,1.0,0.0,2.0,-0.2946507417678742,10,0.5530612244897959,0.9217687074829932,True,False,inner_train_calibrated,StratifiedGroupKFold,1,11,2,3,2,0,2,36,17,38,0.1314878892733564,28,22,44,0.09090909090909091,64,39,82,1.0,0.0,0.0,0.0
SKAB,class_specific_dual_alergia,1,2026,original,4,3,0.05,2,0.1,0.05,10,0.5,0.0,0.25,-0.2477628607780888,12,0.5513392857142857,0.8401360544217688,True,False,inner_train_calibrated,StratifiedGroupKFold,1,11,2,3,1115,400,3,33,16,38,0.1484375,28,22,45,0.09297520661157024,61,38,83,0.39282511210762333,0.3308913308913309,0.6775,0.4446267432321575
SKAB,class_specific_dual_alergia,1,2026,gaussian_noise,4,3,0.05,2,0.1,0.05,10,0.5,0.0,0.25,-0.2477628607780888,12,0.5513392857142857,0.8401360544217688,True,False,inner_train_calibrated,StratifiedGroupKFold,1,11,2,3,1115,400,3,33,16,38,0.1484375,28,22,45,0.09297520661157024,61,38,83,0.38565022421524664,0.32769044740024184,0.6775,0.4417277913610432
SKAB,class_specific_dual_alergia,1,2026,unseen_data,4,3,0.05,2,0.1,0.05,10,0.5,0.0,0.25,-0.2477628607780888,12,0.5513392857142857,0.8401360544217688,True,False,inner_train_calibrated,StratifiedGroupKFold,1,11,2,3,3,0,3,33,16,38,0.1484375,28,22,45,0.09297520661157024,61,38,83,0.0,0.0,0.0,0.0
SKAB,class_specific_dual_alergia,1,7,original,4,3,0.05,2,0.1,0.05,10,0.5,0.0,0.25,-0.2477628607780888,12,0.5513392857142857,0.8401360544217688,True,False,inner_train_calibrated,StratifiedGroupKFold,1,11,2,3,1115,400,3,33,16,38,0.1484375,28,22,45,0.09297520661157024,61,38,83,0.39282511210762333,0.3308913308913309,0.6775,0.4446267432321575
SKAB,class_specific_dual_alergia,1,7,gaussian_noise,4,3,0.05,2,0.1,0.05,10,0.5,0.0,0.25,-0.2477628607780888,12,0.5513392857142857,0.8401360544217688,True,False,inner_train_calibrated,StratifiedGroupKFold,1,11,2,3,1115,400,3,33,16,38,0.1484375,28,22,45,0.09297520661157024,61,38,83,0.3901345291479821,0.3341232227488152,0.705,0.4533762057877814
SKAB,class_specific_dual_alergia,1,7,unseen_data,4,3,0.05,2,0.1,0.05,10,0.5,0.0,0.25,-0.2477628607780888,12,0.5513392857142857,0.8401360544217688,True,False,inner_train_calibrated,StratifiedGroupKFold,1,11,2,3,3,0,3,33,16,38,0.1484375,28,22,45,0.09297520661157024,61,38,83,0.0,0.0,0.0,0.0
SKAB,class_specific_dual_alergia,1,999,original,4,3,0.01,2,0.1,0.01,10,1.0,0.0,2.0,-0.2946507417678742,10,0.5530612244897959,0.9217687074829932,True,False,inner_train_calibrated,StratifiedGroupKFold,1,11,2,3,1115,400,2,36,17,38,0.1314878892733564,28,22,44,0.09090909090909091,64,39,82,0.40717488789237666,0.337888198757764,0.68,0.45145228215767635
SKAB,class_specific_dual_alergia,1,999,gaussian_noise,4,3,0.01,2,0.1,0.01,10,1.0,0.0,2.0,-0.2946507417678742,10,0.5530612244897959,0.9217687074829932,True,False,inner_train_calibrated,StratifiedGroupKFold,1,11,2,3,1115,400,2,36,17,38,0.1314878892733564,28,22,44,0.09090909090909091,64,39,82,0.4053811659192825,0.33623910336239105,0.675,0.4488778054862843
SKAB,class_specific_dual_alergia,1,999,unseen_data,4,3,0.01,2,0.1,0.01,10,1.0,0.0,2.0,-0.2946507417678742,10,0.5530612244897959,0.9217687074829932,True,False,inner_train_calibrated,StratifiedGroupKFold,1,11,2,3,2,0,2,36,17,38,0.1314878892733564,28,22,44,0.09090909090909091,64,39,82,1.0,0.0,0.0,0.0
SKAB,class_specific_dual_alergia,2,42,original,4,3,0.01,5,0.1,0.01,2,1.0,0.0,0.5,-0.06040912779556007,12,0.542016806722689,0.8805460750853242,True,False,inner_train_calibrated,StratifiedGroupKFold,1,11,2,3,1110,398,2,36,18,39,0.12037037037037036,31,7,19,0.3877551020408163,67,25,58,0.5495495495495496,0.43478260869565216,0.8542713567839196,0.576271186440678
SKAB,class_specific_dual_alergia,2,42,gaussian_noise,4,3,0.01,5,0.1,0.01,2,1.0,0.0,0.5,-0.06040912779556007,12,0.542016806722689,0.8805460750853242,True,False,inner_train_calibrated,StratifiedGroupKFold,1,11,2,3,1110,398,2,36,18,39,0.12037037037037036,31,7,19,0.3877551020408163,67,25,58,0.5387387387387388,0.4269230769230769,0.8366834170854272,0.565365025466893
SKAB,class_specific_dual_alergia,2,42,unseen_data,4,3,0.01,5,0.1,0.01,2,1.0,0.0,0.5,-0.06040912779556007,12,0.542016806722689,0.8805460750853242,True,False,inner_train_calibrated,StratifiedGroupKFold,1,11,2,3,2,0,2,36,18,39,0.12037037037037036,31,7,19,0.3877551020408163,67,25,58,1.0,0.0,0.0,0.0
SKAB,class_specific_dual_alergia,2,123,original,4,3,0.01,5,0.1,0.01,2,1.0,0.0,0.5,-0.06040912779556007,12,0.542016806722689,0.8805460750853242,True,False,inner_train_calibrated,StratifiedGroupKFold,1,11,2,3,1110,398,2,36,18,39,0.12037037037037036,31,7,19,0.3877551020408163,67,25,58,0.5495495495495496,0.43478260869565216,0.8542713567839196,0.576271186440678
SKAB,class_specific_dual_alergia,2,123,gaussian_noise,4,3,0.01,5,0.1,0.01,2,1.0,0.0,0.5,-0.06040912779556007,12,0.542016806722689,0.8805460750853242,True,False,inner_train_calibrated,StratifiedGroupKFold,1,11,2,3,1110,398,1,36,18,39,0.12037037037037036,31,7,19,0.3877551020408163,67,25,58,0.5540540540540541,0.4375804375804376,0.8542713567839196,0.5787234042553191
SKAB,class_specific_dual_alergia,2,123,unseen_data,4,3,0.01,5,0.1,0.01,2,1.0,0.0,0.5,-0.06040912779556007,12,0.542016806722689,0.8805460750853242,True,False,inner_train_calibrated,StratifiedGroupKFold,1,11,2,3,2,0,2,36,18,39,0.12037037037037036,31,7,19,0.3877551020408163,67,25,58,1.0,0.0,0.0,0.0
SKAB,class_specific_dual_alergia,2,2026,original,4,3,0.01,2,0.1,0.1,2,0.1,0.0,0.0,-3.7832251276716504,1,0.5282685512367491,1.0,True,False,inner_train_calibrated,StratifiedGroupKFold,5,10,3,3,1110,398,2,37,13,33,0.1952662721893491,29,12,37,0.2569444444444444,66,25,70,0.35855855855855856,0.35855855855855856,1.0,0.5278514588859416
SKAB,class_specific_dual_alergia,2,2026,gaussian_noise,4,3,0.01,2,0.1,0.1,2,0.1,0.0,0.0,-3.7832251276716504,1,0.5282685512367491,1.0,True,False,inner_train_calibrated,StratifiedGroupKFold,5,10,3,3,1110,398,2,37,13,33,0.1952662721893491,29,12,37,0.2569444444444444,66,25,70,0.35855855855855856,0.35855855855855856,1.0,0.5278514588859416
SKAB,class_specific_dual_alergia,2,2026,unseen_data,4,3,0.01,2,0.1,0.1,2,0.1,0.0,0.0,-3.7832251276716504,1,0.5282685512367491,1.0,True,False,inner_train_calibrated,StratifiedGroupKFold,5,10,3,3,2,0,2,37,13,33,0.1952662721893491,29,12,37,0.2569444444444444,66,25,70,0.0,0.0,0.0,0.0
SKAB,class_specific_dual_alergia,2,7,original,4,3,0.01,2,0.1,0.1,2,0.1,0.0,0.0,-3.7832251276716504,1,0.5282685512367491,1.0,True,False,inner_train_calibrated,StratifiedGroupKFold,5,10,3,3,1110,398,2,37,13,33,0.1952662721893491,29,12,37,0.2569444444444444,66,25,70,0.35855855855855856,0.35855855855855856,1.0,0.5278514588859416
SKAB,class_specific_dual_alergia,2,7,gaussian_noise,4,3,0.01,2,0.1,0.1,2,0.1,0.0,0.0,-3.7832251276716504,1,0.5282685512367491,1.0,True,False,inner_train_calibrated,StratifiedGroupKFold,5,10,3,3,1110,398,2,37,13,33,0.1952662721893491,29,12,37,0.2569444444444444,66,25,70,0.35855855855855856,0.35855855855855856,1.0,0.5278514588859416
SKAB,class_specific_dual_alergia,2,7,unseen_data,4,3,0.01,2,0.1,0.1,2,0.1,0.0,0.0,-3.7832251276716504,1,0.5282685512367491,1.0,True,False,inner_train_calibrated,StratifiedGroupKFold,5,10,3,3,2,0,2,37,13,33,0.1952662721893491,29,12,37,0.2569444444444444,66,25,70,0.0,0.0,0.0,0.0
SKAB,class_specific_dual_alergia,2,999,original,4,3,0.01,2,0.1,0.01,2,0.1,0.0,0.0,-2.3870030198070427,10,0.5350553505535055,0.9731543624161074,True,True,inner_train_calibrated,StratifiedGroupKFold,5,10,3,3,1110,398,2,37,14,36,0.1836734693877551,29,12,33,0.22916666666666666,66,26,69,0.36126126126126124,0.35953026196928634,1.0,0.5289036544850498
SKAB,class_specific_dual_alergia,2,999,gaussian_noise,4,3,0.01,2,0.1,0.01,2,0.1,0.0,0.0,-2.3870030198070427,10,0.5350553505535055,0.9731543624161074,True,True,inner_train_calibrated,StratifiedGroupKFold,5,10,3,3,1110,398,2,37,14,36,0.1836734693877551,29,12,33,0.22916666666666666,66,26,69,0.36036036036036034,0.3589511754068716,0.9974874371859297,0.5279255319148937
SKAB,class_specific_dual_alergia,2,999,unseen_data,4,3,0.01,2,0.1,0.01,2,0.1,0.0,0.0,-2.3870030198070427,10,0.5350553505535055,0.9731543624161074,True,True,inner_train_calibrated,StratifiedGroupKFold,5,10,3,3,2,0,2,37,14,36,0.1836734693877551,29,12,33,0.22916666666666666,66,26,69,0.0,0.0,0.0,0.0
SKAB,class_specific_dual_alergia,3,42,original,4,3,0.1,5,0.1,0.01,5,1.0,0.0,0.0,-0.0045685111123313915,1,0.601078167115903,0.745819397993311,True,False,inner_train_calibrated,StratifiedGroupKFold,5,10,3,3,1111,398,1,38,23,51,0.09640831758034027,30,18,40,0.12345679012345678,68,41,91,0.6138613861386139,0.46790890269151136,0.5678391959798995,0.5130533484676504
SKAB,class_specific_dual_alergia,3,42,gaussian_noise,4,3,0.1,5,0.1,0.01,5,1.0,0.0,0.0,-0.0045685111123313915,1,0.601078167115903,0.745819397993311,True,False,inner_train_calibrated,StratifiedGroupKFold,5,10,3,3,1111,398,1,38,23,51,0.09640831758034027,30,18,40,0.12345679012345678,68,41,91,0.6165616561656165,0.4704641350210971,0.5603015075376885,0.5114678899082569
SKAB,class_specific_dual_alergia,3,42,unseen_data,4,3,0.1,5,0.1,0.01,5,1.0,0.0,0.0,-0.0045685111123313915,1,0.601078167115903,0.745819397993311,True,False,inner_train_calibrated,StratifiedGroupKFold,5,10,3,3,1,0,1,38,23,51,0.09640831758034027,30,18,40,0.12345679012345678,68,41,91,0.0,0.0,0.0,0.0
SKAB,class_specific_dual_alergia,3,123,original,4,3,0.01,2,0.5,0.01,10,1.0,0.0,0.0,-0.3817808650698087,12,0.5426515930113053,0.8979591836734694,True,False,inner_train_calibrated,StratifiedGroupKFold,1,11,2,3,1111,398,1,36,15,36,0.16,31,24,51,0.08854166666666667,67,39,87,0.49954995499549953,0.39266304347826086,0.7261306532663316,0.5097001763668431
SKAB,class_specific_dual_alergia,3,123,gaussian_noise,4,3,0.01,2,0.5,0.01,10,1.0,0.0,0.0,-0.3817808650698087,12,0.5426515930113053,0.8979591836734694,True,False,inner_train_calibrated,StratifiedGroupKFold,1,11,2,3,1111,398,1,36,15,36,0.16,31,24,51,0.08854166666666667,67,39,87,0.5166516651665166,0.403068340306834,0.7261306532663316,0.5183856502242152
SKAB,class_specific_dual_alergia,3,123,unseen_data,4,3,0.01,2,0.5,0.01,10,1.0,0.0,0.0,-0.3817808650698087,12,0.5426515930113053,0.8979591836734694,True,False,inner_train_calibrated,StratifiedGroupKFold,1,11,2,3,1,0,1,36,15,36,0.16,31,24,51,0.08854166666666667,67,39,87,0.0,0.0,0.0,0.0
SKAB,class_specific_dual_alergia,3,2026,original,4,3,0.01,10,1.0,0.05,10,0.1,0.0,0.0,-1.8887517352153649,5,0.5284039675383229,0.9832214765100671,True,False,inner_train_calibrated,StratifiedGroupKFold,5,10,3,3,1111,398,1,38,27,55,0.07544581618655692,28,24,50,0.08680555555555555,66,51,105,0.3627362736273627,0.35934664246823955,0.9949748743718593,0.528
SKAB,class_specific_dual_alergia,3,2026,gaussian_noise,4,3,0.01,10,1.0,0.05,10,0.1,0.0,0.0,-1.8887517352153649,5,0.5284039675383229,0.9832214765100671,True,False,inner_train_calibrated,StratifiedGroupKFold,5,10,3,3,1111,398,1,38,27,55,0.07544581618655692,28,24,50,0.08680555555555555,66,51,105,0.36633663366336633,0.36065573770491804,0.9949748743718593,0.5294117647058824
SKAB,class_specific_dual_alergia,3,2026,unseen_data,4,3,0.01,10,1.0,0.05,10,0.1,0.0,0.0,-1.8887517352153649,5,0.5284039675383229,0.9832214765100671,True,False,inner_train_calibrated,StratifiedGroupKFold,5,10,3,3,1,0,1,38,27,55,0.07544581618655692,28,24,50,0.08680555555555555,66,51,105,0.0,0.0,0.0,0.0
SKAB,class_specific_dual_alergia,3,7,original,4,3,0.01,2,0.5,0.01,10,1.0,0.0,0.0,-0.3817808650698087,12,0.5426515930113053,0.8979591836734694,True,False,inner_train_calibrated,StratifiedGroupKFold,1,11,2,3,1111,398,1,36,15,36,0.16,31,24,51,0.08854166666666667,67,39,87,0.49954995499549953,0.39266304347826086,0.7261306532663316,0.5097001763668431
SKAB,class_specific_dual_alergia,3,7,gaussian_noise,4,3,0.01,2,0.5,0.01,10,1.0,0.0,0.0,-0.3817808650698087,12,0.5426515930113053,0.8979591836734694,True,False,inner_train_calibrated,StratifiedGroupKFold,1,11,2,3,1111,398,1,36,15,36,0.16,31,24,51,0.08854166666666667,67,39,87,0.5094509450945095,0.3986206896551724,0.7261306532663316,0.5146927871772039
SKAB,class_specific_dual_alergia,3,7,unseen_data,4,3,0.01,2,0.5,0.01,10,1.0,0.0,0.0,-0.3817808650698087,12,0.5426515930113053,0.8979591836734694,True,False,inner_train_calibrated,StratifiedGroupKFold,1,11,2,3,1,0,1,36,15,36,0.16,31,24,51,0.08854166666666667,67,39,87,0.0,0.0,0.0,0.0
SKAB,class_specific_dual_alergia,3,999,original,4,3,0.1,5,0.1,0.01,5,1.0,0.0,0.0,-0.0045685111123313915,1,0.601078167115903,0.745819397993311,True,False,inner_train_calibrated,StratifiedGroupKFold,5,10,3,3,1111,398,1,38,23,51,0.09640831758034027,30,18,40,0.12345679012345678,68,41,91,0.6138613861386139,0.46790890269151136,0.5678391959798995,0.5130533484676504
SKAB,class_specific_dual_alergia,3,999,gaussian_noise,4,3,0.1,5,0.1,0.01,5,1.0,0.0,0.0,-0.0045685111123313915,1,0.601078167115903,0.745819397993311,True,False,inner_train_calibrated,StratifiedGroupKFold,5,10,3,3,1111,398,1,38,23,51,0.09640831758034027,30,18,40,0.12345679012345678,68,41,91,0.6165616561656165,0.4713114754098361,0.5778894472361809,0.5191873589164786
SKAB,class_specific_dual_alergia,3,999,unseen_data,4,3,0.1,5,0.1,0.01,5,1.0,0.0,0.0,-0.0045685111123313915,1,0.601078167115903,0.745819397993311,True,False,inner_train_calibrated,StratifiedGroupKFold,5,10,3,3,1,0,1,38,23,51,0.09640831758034027,30,18,40,0.12345679012345678,68,41,91,0.0,0.0,0.0,0.0
SKAB,class_specific_dual_alergia,4,42,original,4,3,0.01,5,1.0,0.05,10,0.5,0.0,0.5,-0.006116227017436193,5,0.5434543454345434,0.8372881355932204,True,False,inner_train_calibrated,StratifiedGroupKFold,1,11,2,3,1095,416,2,35,16,35,0.13671875,31,26,53,0.07840236686390532,66,42,88,0.5251141552511416,0.4400921658986175,0.9182692307692307,0.5950155763239875
SKAB,class_specific_dual_alergia,4,42,gaussian_noise,4,3,0.01,5,1.0,0.05,10,0.5,0.0,0.5,-0.006116227017436193,5,0.5434543454345434,0.8372881355932204,True,False,inner_train_calibrated,StratifiedGroupKFold,1,11,2,3,1095,416,2,35,16,35,0.13671875,31,26,53,0.07840236686390532,66,42,88,0.5342465753424658,0.4447058823529412,0.9086538461538461,0.5971563981042654
SKAB,class_specific_dual_alergia,4,42,unseen_data,4,3,0.01,5,1.0,0.05,10,0.5,0.0,0.5,-0.006116227017436193,5,0.5434543454345434,0.8372881355932204,True,False,inner_train_calibrated,StratifiedGroupKFold,1,11,2,3,2,0,2,35,16,35,0.13671875,31,26,53,0.07840236686390532,66,42,88,1.0,0.0,0.0,0.0
SKAB,class_specific_dual_alergia,4,123,original,4,3,0.01,5,1.0,0.05,2,0.1,0.0,2.0,-0.20643007034046912,7,0.5813492063492064,0.9932203389830508,True,False,inner_train_calibrated,StratifiedGroupKFold,1,11,2,3,1095,416,2,35,16,36,0.140625,31,10,32,0.32,66,26,68,0.5041095890410959,0.42857142857142855,0.9158653846153846,0.5839080459770115
SKAB,class_specific_dual_alergia,4,123,gaussian_noise,4,3,0.01,5,1.0,0.05,2,0.1,0.0,2.0,-0.20643007034046912,7,0.5813492063492064,0.9932203389830508,True,False,inner_train_calibrated,StratifiedGroupKFold,1,11,2,3,1095,416,2,35,16,36,0.140625,31,10,32,0.32,66,26,68,0.5105022831050229,0.4321266968325792,0.9182692307692307,0.5876923076923077
SKAB,class_specific_dual_alergia,4,123,unseen_data,4,3,0.01,5,1.0,0.05,2,0.1,0.0,2.0,-0.20643007034046912,7,0.5813492063492064,0.9932203389830508,True,False,inner_train_calibrated,StratifiedGroupKFold,1,11,2,3,2,0,2,35,16,36,0.140625,31,10,32,0.32,66,26,68,1.0,0.0,0.0,0.0
SKAB,class_specific_dual_alergia,4,2026,original,4,3,0.1,2,0.1,0.01,10,1.0,0.0,0.25,-0.1434021186888391,8,0.5570342205323194,0.9898648648648649,True,False,inner_train_calibrated,StratifiedGroupKFold,1,11,2,3,1095,416,2,35,18,42,0.12962962962962962,30,17,49,0.1695501730103806,65,35,91,0.5388127853881278,0.44458281444582815,0.8581730769230769,0.5857260049220673
SKAB,class_specific_dual_alergia,4,2026,gaussian_noise,4,3,0.1,2,0.1,0.01,10,1.0,0.0,0.25,-0.1434021186888391,8,0.5570342205323194,0.9898648648648649,True,False,inner_train_calibrated,StratifiedGroupKFold,1,11,2,3,1095,416,2,35,18,42,0.12962962962962962,30,17,49,0.1695501730103806,65,35,91,0.5607305936073059,0.45806451612903226,0.8533653846153846,0.5961376994122586
SKAB,class_specific_dual_alergia,4,2026,unseen_data,4,3,0.1,2,0.1,0.01,10,1.0,0.0,0.25,-0.1434021186888391,8,0.5570342205323194,0.9898648648648649,True,False,inner_train_calibrated,StratifiedGroupKFold,1,11,2,3,2,0,2,35,18,42,0.12962962962962962,30,17,49,0.1695501730103806,65,35,91,0.0,0.0,0.0,0.0
SKAB,class_specific_dual_alergia,4,7,original,4,3,0.1,2,0.1,0.01,10,1.0,0.0,0.25,-0.1434021186888391,8,0.5570342205323194,0.9898648648648649,True,False,inner_train_calibrated,StratifiedGroupKFold,1,11,2,3,1095,416,2,35,18,42,0.12962962962962962,30,17,49,0.1695501730103806,65,35,91,0.5388127853881278,0.44458281444582815,0.8581730769230769,0.5857260049220673
SKAB,class_specific_dual_alergia,4,7,gaussian_noise,4,3,0.1,2,0.1,0.01,10,1.0,0.0,0.25,-0.1434021186888391,8,0.5570342205323194,0.9898648648648649,True,False,inner_train_calibrated,StratifiedGroupKFold,1,11,2,3,1095,416,2,35,18,42,0.12962962962962962,30,17,49,0.1695501730103806,65,35,91,0.5251141552511416,0.43643031784841074,0.8581730769230769,0.5786061588330632
SKAB,class_specific_dual_alergia,4,7,unseen_data,4,3,0.1,2,0.1,0.01,10,1.0,0.0,0.25,-0.1434021186888391,8,0.5570342205323194,0.9898648648648649,True,False,inner_train_calibrated,StratifiedGroupKFold,1,11,2,3,2,0,2,35,18,42,0.12962962962962962,30,17,49,0.1695501730103806,65,35,91,0.0,0.0,0.0,0.0
SKAB,class_specific_dual_alergia,4,999,original,4,3,0.1,2,0.1,0.01,10,1.0,0.0,0.25,-0.1434021186888391,8,0.5570342205323194,0.9898648648648649,True,False,inner_train_calibrated,StratifiedGroupKFold,1,11,2,3,1095,416,2,35,18,42,0.12962962962962962,30,17,49,0.1695501730103806,65,35,91,0.5388127853881278,0.44458281444582815,0.8581730769230769,0.5857260049220673
SKAB,class_specific_dual_alergia,4,999,gaussian_noise,4,3,0.1,2,0.1,0.01,10,1.0,0.0,0.25,-0.1434021186888391,8,0.5570342205323194,0.9898648648648649,True,False,inner_train_calibrated,StratifiedGroupKFold,1,11,2,3,1095,416,2,35,18,42,0.12962962962962962,30,17,49,0.1695501730103806,65,35,91,0.5351598173515981,0.44363636363636366,0.8798076923076923,0.5898468976631749
SKAB,class_specific_dual_alergia,4,999,unseen_data,4,3,0.1,2,0.1,0.01,10,1.0,0.0,0.25,-0.1434021186888391,8,0.5570342205323194,0.9898648648648649,True,False,inner_train_calibrated,StratifiedGroupKFold,1,11,2,3,2,0,2,35,18,42,0.12962962962962962,30,17,49,0.1695501730103806,65,35,91,0.0,0.0,0.0,0.0
SKAB,class_specific_dual_alergia,5,42,original,4,3,0.01,5,0.1,0.05,10,1.0,0.0,0.0,-0.6280435280142846,10,0.5814696485623003,0.9285714285714286,True,False,inner_train_calibrated,StratifiedGroupKFold,1,10,2,4,1118,417,0,38,24,47,0.08159722222222222,29,24,46,0.0798611111111111,67,48,93,0.5554561717352415,0.32142857142857145,0.17266187050359713,0.22464898595943839
SKAB,class_specific_dual_alergia,5,42,gaussian_noise,4,3,0.01,5,0.1,0.05,10,1.0,0.0,0.0,-0.6280435280142846,10,0.5814696485623003,0.9285714285714286,True,False,inner_train_calibrated,StratifiedGroupKFold,1,10,2,4,1118,417,0,38,24,47,0.08159722222222222,29,24,46,0.0798611111111111,67,48,93,0.5661896243291592,0.3411214953271028,0.1750599520383693,0.23137876386687797
SKAB,class_specific_dual_alergia,5,42,unseen_data,4,3,0.01,5,0.1,0.05,10,1.0,0.0,0.0,-0.6280435280142846,10,0.5814696485623003,0.9285714285714286,True,False,inner_train_calibrated,StratifiedGroupKFold,1,10,2,4,0,0,0,38,24,47,0.08159722222222222,29,24,46,0.0798611111111111,67,48,93,0.0,0.0,0.0,0.0
SKAB,class_specific_dual_alergia,5,123,original,4,3,0.1,5,0.1,0.01,10,1.0,0.0,0.25,-0.5902535099916933,12,0.6033057851239669,0.9931972789115646,True,False,inner_train_calibrated,StratifiedGroupKFold,1,10,2,4,1118,417,0,38,27,52,0.07133058984910837,29,23,46,0.08695652173913043,67,50,98,0.6019677996422182,0.4186046511627907,0.17266187050359713,0.24448217317487267
SKAB,class_specific_dual_alergia,5,123,gaussian_noise,4,3,0.1,5,0.1,0.01,10,1.0,0.0,0.25,-0.5902535099916933,12,0.6033057851239669,0.9931972789115646,True,False,inner_train_calibrated,StratifiedGroupKFold,1,10,2,4,1118,417,0,38,27,52,0.07133058984910837,29,23,46,0.08695652173913043,67,50,98,0.610912343470483,0.4430379746835443,0.16786570743405277,0.24347826086956523
SKAB,class_specific_dual_alergia,5,123,unseen_data,4,3,0.1,5,0.1,0.01,10,1.0,0.0,0.25,-0.5902535099916933,12,0.6033057851239669,0.9931972789115646,True,False,inner_train_calibrated,StratifiedGroupKFold,1,10,2,4,0,0,0,38,27,52,0.07133058984910837,29,23,46,0.08695652173913043,67,50,98,0.0,0.0,0.0,0.0
SKAB,class_specific_dual_alergia,5,2026,original,4,3,0.1,5,0.1,0.01,10,1.0,0.0,0.25,-0.5902535099916933,12,0.6033057851239669,0.9931972789115646,True,False,inner_train_calibrated,StratifiedGroupKFold,1,10,2,4,1118,417,0,38,27,52,0.07133058984910837,29,23,46,0.08695652173913043,67,50,98,0.6019677996422182,0.4186046511627907,0.17266187050359713,0.24448217317487267
SKAB,class_specific_dual_alergia,5,2026,gaussian_noise,4,3,0.1,5,0.1,0.01,10,1.0,0.0,0.25,-0.5902535099916933,12,0.6033057851239669,0.9931972789115646,True,False,inner_train_calibrated,StratifiedGroupKFold,1,10,2,4,1118,417,0,38,27,52,0.07133058984910837,29,23,46,0.08695652173913043,67,50,98,0.6028622540250447,0.42105263157894735,0.17266187050359713,0.24489795918367346
SKAB,class_specific_dual_alergia,5,2026,unseen_data,4,3,0.1,5,0.1,0.01,10,1.0,0.0,0.25,-0.5902535099916933,12,0.6033057851239669,0.9931972789115646,True,False,inner_train_calibrated,StratifiedGroupKFold,1,10,2,4,0,0,0,38,27,52,0.07133058984910837,29,23,46,0.08695652173913043,67,50,98,0.0,0.0,0.0,0.0
SKAB,class_specific_dual_alergia,5,7,original,4,3,0.01,5,0.1,0.05,10,1.0,0.0,0.0,-0.6280435280142846,10,0.5814696485623003,0.9285714285714286,True,False,inner_train_calibrated,StratifiedGroupKFold,1,10,2,4,1118,417,0,38,24,47,0.08159722222222222,29,24,46,0.0798611111111111,67,48,93,0.5554561717352415,0.32142857142857145,0.17266187050359713,0.22464898595943839
SKAB,class_specific_dual_alergia,5,7,gaussian_noise,4,3,0.01,5,0.1,0.05,10,1.0,0.0,0.0,-0.6280435280142846,10,0.5814696485623003,0.9285714285714286,True,False,inner_train_calibrated,StratifiedGroupKFold,1,10,2,4,1118,417,0,38,24,47,0.08159722222222222,29,24,46,0.0798611111111111,67,48,93,0.5796064400715564,0.36683417085427134,0.1750599520383693,0.237012987012987
SKAB,class_specific_dual_alergia,5,7,unseen_data,4,3,0.01,5,0.1,0.05,10,1.0,0.0,0.0,-0.6280435280142846,10,0.5814696485623003,0.9285714285714286,True,False,inner_train_calibrated,StratifiedGroupKFold,1,10,2,4,0,0,0,38,24,47,0.08159722222222222,29,24,46,0.0798611111111111,67,48,93,0.0,0.0,0.0,0.0
SKAB,class_specific_dual_alergia,5,999,original,4,3,0.01,5,0.1,0.05,10,1.0,0.0,0.0,-0.6280435280142846,10,0.5814696485623003,0.9285714285714286,True,False,inner_train_calibrated,StratifiedGroupKFold,1,10,2,4,1118,417,0,38,24,47,0.08159722222222222,29,24,46,0.0798611111111111,67,48,93,0.5554561717352415,0.32142857142857145,0.17266187050359713,0.22464898595943839
SKAB,class_specific_dual_alergia,5,999,gaussian_noise,4,3,0.01,5,0.1,0.05,10,1.0,0.0,0.0,-0.6280435280142846,10,0.5814696485623003,0.9285714285714286,True,False,inner_train_calibrated,StratifiedGroupKFold,1,10,2,4,1118,417,0,38,24,47,0.08159722222222222,29,24,46,0.0798611111111111,67,48,93,0.5572450805008945,0.32432432432432434,0.17266187050359713,0.22535211267605634
SKAB,class_specific_dual_alergia,5,999,unseen_data,4,3,0.01,5,0.1,0.05,10,1.0,0.0,0.0,-0.6280435280142846,10,0.5814696485623003,0.9285714285714286,True,False,inner_train_calibrated,StratifiedGroupKFold,1,10,2,4,0,0,0,38,24,47,0.08159722222222222,29,24,46,0.0798611111111111,67,48,93,0.0,0.0,0.0,0.0
