dataset,fold,seed,method,scenario,window_size,alphabet_size,merge_alpha,min_state_count,smoothing_alpha,distance_penalty,min_anomaly_run,min_validation_recall,selected_threshold,minimum_block_length,minimum_sum_margin,baseline_selected,sample_count,actual_anomaly_count,unseen_count,accuracy,precision,recall,f1_score
SKAB,1,42,persistence_baseline,original,4,3,0.01,10,1.0,0.0,7,0.7,-0.030764417773082642,7,5.0068113207695895,False,1115,400,2,0.3901345291479821,0.3372093023255814,0.725,0.4603174603174603
SKAB,1,42,persistence_plus_block_confidence,original,4,3,0.01,10,1.0,0.0,7,0.7,-0.030764417773082642,7,5.0068113207695895,False,1115,400,2,0.5775784753363229,0.4032697547683924,0.37,0.3859191655801825
SKAB,1,42,persistence_baseline,gaussian_noise,4,3,0.01,10,1.0,0.0,7,0.7,-0.030764417773082642,7,5.0068113207695895,False,1115,400,2,0.379372197309417,0.32660332541567694,0.6875,0.4428341384863124
SKAB,1,42,persistence_plus_block_confidence,gaussian_noise,4,3,0.01,10,1.0,0.0,7,0.7,-0.030764417773082642,7,5.0068113207695895,False,1115,400,2,0.5775784753363229,0.4032697547683924,0.37,0.3859191655801825
SKAB,1,42,persistence_baseline,unseen_data,4,3,0.01,10,1.0,0.0,7,0.7,-0.030764417773082642,7,5.0068113207695895,False,2,0,2,1.0,0.0,0.0,0.0
SKAB,1,42,persistence_plus_block_confidence,unseen_data,4,3,0.01,10,1.0,0.0,7,0.7,-0.030764417773082642,7,5.0068113207695895,False,2,0,2,1.0,0.0,0.0,0.0
SKAB,1,123,persistence_baseline,original,4,3,0.01,10,1.0,0.0,7,0.7,-0.030764417773082642,7,5.0068113207695895,False,1115,400,2,0.3901345291479821,0.3372093023255814,0.725,0.4603174603174603
SKAB,1,123,persistence_plus_block_confidence,original,4,3,0.01,10,1.0,0.0,7,0.7,-0.030764417773082642,7,5.0068113207695895,False,1115,400,2,0.5775784753363229,0.4032697547683924,0.37,0.3859191655801825
SKAB,1,123,persistence_baseline,gaussian_noise,4,3,0.01,10,1.0,0.0,7,0.7,-0.030764417773082642,7,5.0068113207695895,False,1115,400,2,0.38385650224215245,0.3301775147928994,0.6975,0.44819277108433736
SKAB,1,123,persistence_plus_block_confidence,gaussian_noise,4,3,0.01,10,1.0,0.0,7,0.7,-0.030764417773082642,7,5.0068113207695895,False,1115,400,2,0.5775784753363229,0.4032697547683924,0.37,0.3859191655801825
SKAB,1,123,persistence_baseline,unseen_data,4,3,0.01,10,1.0,0.0,7,0.7,-0.030764417773082642,7,5.0068113207695895,False,2,0,2,1.0,0.0,0.0,0.0
SKAB,1,123,persistence_plus_block_confidence,unseen_data,4,3,0.01,10,1.0,0.0,7,0.7,-0.030764417773082642,7,5.0068113207695895,False,2,0,2,1.0,0.0,0.0,0.0
SKAB,1,2026,persistence_baseline,original,4,3,0.01,5,0.1,1.0,8,0.7,-0.0013683031823821697,13,0.0,False,1115,400,3,0.3524663677130045,0.3170454545454545,0.6975,0.4359375
SKAB,1,2026,persistence_plus_block_confidence,original,4,3,0.01,5,0.1,1.0,8,0.7,-0.0013683031823821697,13,0.0,False,1115,400,3,0.3874439461883408,0.3284848484848485,0.6775,0.4424489795918367
SKAB,1,2026,persistence_baseline,gaussian_noise,4,3,0.01,5,0.1,1.0,8,0.7,-0.0013683031823821697,13,0.0,False,1115,400,3,0.33901345291479823,0.3083048919226394,0.6775,0.42376856919468336
SKAB,1,2026,persistence_plus_block_confidence,gaussian_noise,4,3,0.01,5,0.1,1.0,8,0.7,-0.0013683031823821697,13,0.0,False,1115,400,3,0.39103139013452914,0.33008526187576126,0.6775,0.4438984438984439
SKAB,1,2026,persistence_baseline,unseen_data,4,3,0.01,5,0.1,1.0,8,0.7,-0.0013683031823821697,13,0.0,False,3,0,3,1.0,0.0,0.0,0.0
SKAB,1,2026,persistence_plus_block_confidence,unseen_data,4,3,0.01,5,0.1,1.0,8,0.7,-0.0013683031823821697,13,0.0,False,3,0,3,1.0,0.0,0.0,0.0
SKAB,1,7,persistence_baseline,original,4,3,0.01,5,0.1,1.0,8,0.7,-0.0013683031823821697,13,0.0,False,1115,400,3,0.3524663677130045,0.3170454545454545,0.6975,0.4359375
SKAB,1,7,persistence_plus_block_confidence,original,4,3,0.01,5,0.1,1.0,8,0.7,-0.0013683031823821697,13,0.0,False,1115,400,3,0.3874439461883408,0.3284848484848485,0.6775,0.4424489795918367
SKAB,1,7,persistence_baseline,gaussian_noise,4,3,0.01,5,0.1,1.0,8,0.7,-0.0013683031823821697,13,0.0,False,1115,400,3,0.35336322869955156,0.3218645948945616,0.725,0.4458109146810146
SKAB,1,7,persistence_plus_block_confidence,gaussian_noise,4,3,0.01,5,0.1,1.0,8,0.7,-0.0013683031823821697,13,0.0,False,1115,400,3,0.3865470852017937,0.33254716981132076,0.705,0.4519230769230769
SKAB,1,7,persistence_baseline,unseen_data,4,3,0.01,5,0.1,1.0,8,0.7,-0.0013683031823821697,13,0.0,False,3,0,3,1.0,0.0,0.0,0.0
SKAB,1,7,persistence_plus_block_confidence,unseen_data,4,3,0.01,5,0.1,1.0,8,0.7,-0.0013683031823821697,13,0.0,False,3,0,3,1.0,0.0,0.0,0.0
SKAB,1,999,persistence_baseline,original,4,3,0.01,10,1.0,0.0,7,0.7,-0.030764417773082642,7,5.0068113207695895,False,1115,400,2,0.3901345291479821,0.3372093023255814,0.725,0.4603174603174603
SKAB,1,999,persistence_plus_block_confidence,original,4,3,0.01,10,1.0,0.0,7,0.7,-0.030764417773082642,7,5.0068113207695895,False,1115,400,2,0.5775784753363229,0.4032697547683924,0.37,0.3859191655801825
SKAB,1,999,persistence_baseline,gaussian_noise,4,3,0.01,10,1.0,0.0,7,0.7,-0.030764417773082642,7,5.0068113207695895,False,1115,400,2,0.3883408071748879,0.3356643356643357,0.72,0.4578696343402226
SKAB,1,999,persistence_plus_block_confidence,gaussian_noise,4,3,0.01,10,1.0,0.0,7,0.7,-0.030764417773082642,7,5.0068113207695895,False,1115,400,2,0.5775784753363229,0.4032697547683924,0.37,0.3859191655801825
SKAB,1,999,persistence_baseline,unseen_data,4,3,0.01,10,1.0,0.0,7,0.7,-0.030764417773082642,7,5.0068113207695895,False,2,0,2,1.0,0.0,0.0,0.0
SKAB,1,999,persistence_plus_block_confidence,unseen_data,4,3,0.01,10,1.0,0.0,7,0.7,-0.030764417773082642,7,5.0068113207695895,False,2,0,2,1.0,0.0,0.0,0.0
SKAB,2,42,persistence_baseline,original,4,3,0.01,2,0.1,0.0,4,0.7,-0.04838031354600325,4,4.102933569665197,False,1110,398,2,0.46216216216216216,0.39470899470899473,0.9371859296482412,0.5554728220402085
SKAB,2,42,persistence_plus_block_confidence,original,4,3,0.01,2,0.1,0.0,4,0.7,-0.04838031354600325,4,4.102933569665197,False,1110,398,2,0.5747747747747748,0.4418238993710692,0.7060301507537688,0.5435203094777563
SKAB,2,42,persistence_baseline,gaussian_noise,4,3,0.01,2,0.1,0.0,4,0.7,-0.04838031354600325,4,4.102933569665197,False,1110,398,2,0.46306306306306305,0.3951271186440678,0.9371859296482412,0.555886736214605
SKAB,2,42,persistence_plus_block_confidence,gaussian_noise,4,3,0.01,2,0.1,0.0,4,0.7,-0.04838031354600325,4,4.102933569665197,False,1110,398,2,0.5801801801801801,0.4473684210526316,0.7261306532663316,0.553639846743295
SKAB,2,42,persistence_baseline,unseen_data,4,3,0.01,2,0.1,0.0,4,0.7,-0.04838031354600325,4,4.102933569665197,False,2,0,2,0.0,0.0,0.0,0.0
SKAB,2,42,persistence_plus_block_confidence,unseen_data,4,3,0.01,2,0.1,0.0,4,0.7,-0.04838031354600325,4,4.102933569665197,False,2,0,2,0.0,0.0,0.0,0.0
SKAB,2,123,persistence_baseline,original,4,3,0.01,2,0.1,0.0,4,0.7,-0.04838031354600325,4,4.102933569665197,False,1110,398,2,0.46216216216216216,0.39470899470899473,0.9371859296482412,0.5554728220402085
SKAB,2,123,persistence_plus_block_confidence,original,4,3,0.01,2,0.1,0.0,4,0.7,-0.04838031354600325,4,4.102933569665197,False,1110,398,2,0.5747747747747748,0.4418238993710692,0.7060301507537688,0.5435203094777563
SKAB,2,123,persistence_baseline,gaussian_noise,4,3,0.01,2,0.1,0.0,4,0.7,-0.04838031354600325,4,4.102933569665197,False,1110,398,1,0.46396396396396394,0.3955461293743372,0.9371859296482412,0.5563012677106637
SKAB,2,123,persistence_plus_block_confidence,gaussian_noise,4,3,0.01,2,0.1,0.0,4,0.7,-0.04838031354600325,4,4.102933569665197,False,1110,398,1,0.5747747747747748,0.4418238993710692,0.7060301507537688,0.5435203094777563
SKAB,2,123,persistence_baseline,unseen_data,4,3,0.01,2,0.1,0.0,4,0.7,-0.04838031354600325,4,4.102933569665197,False,2,0,2,0.0,0.0,0.0,0.0
SKAB,2,123,persistence_plus_block_confidence,unseen_data,4,3,0.01,2,0.1,0.0,4,0.7,-0.04838031354600325,4,4.102933569665197,False,2,0,2,0.0,0.0,0.0,0.0
SKAB,2,2026,persistence_baseline,original,4,3,0.1,10,0.5,0.0,1,0.7,-2.1133979164151095,1,0.0,True,1110,398,2,0.35855855855855856,0.35855855855855856,1.0,0.5278514588859416
SKAB,2,2026,persistence_plus_block_confidence,original,4,3,0.1,10,0.5,0.0,1,0.7,-2.1133979164151095,1,0.0,True,1110,398,2,0.35855855855855856,0.35855855855855856,1.0,0.5278514588859416
SKAB,2,2026,persistence_baseline,gaussian_noise,4,3,0.1,10,0.5,0.0,1,0.7,-2.1133979164151095,1,0.0,True,1110,398,2,0.35855855855855856,0.35855855855855856,1.0,0.5278514588859416
SKAB,2,2026,persistence_plus_block_confidence,gaussian_noise,4,3,0.1,10,0.5,0.0,1,0.7,-2.1133979164151095,1,0.0,True,1110,398,2,0.35855855855855856,0.35855855855855856,1.0,0.5278514588859416
SKAB,2,2026,persistence_baseline,unseen_data,4,3,0.1,10,0.5,0.0,1,0.7,-2.1133979164151095,1,0.0,True,2,0,2,0.0,0.0,0.0,0.0
SKAB,2,2026,persistence_plus_block_confidence,unseen_data,4,3,0.1,10,0.5,0.0,1,0.7,-2.1133979164151095,1,0.0,True,2,0,2,0.0,0.0,0.0,0.0
SKAB,2,7,persistence_baseline,original,4,3,0.1,10,0.5,0.0,1,0.7,-2.1133979164151095,1,0.0,True,1110,398,2,0.35855855855855856,0.35855855855855856,1.0,0.5278514588859416
SKAB,2,7,persistence_plus_block_confidence,original,4,3,0.1,10,0.5,0.0,1,0.7,-2.1133979164151095,1,0.0,True,1110,398,2,0.35855855855855856,0.35855855855855856,1.0,0.5278514588859416
SKAB,2,7,persistence_baseline,gaussian_noise,4,3,0.1,10,0.5,0.0,1,0.7,-2.1133979164151095,1,0.0,True,1110,398,2,0.35855855855855856,0.35855855855855856,1.0,0.5278514588859416
SKAB,2,7,persistence_plus_block_confidence,gaussian_noise,4,3,0.1,10,0.5,0.0,1,0.7,-2.1133979164151095,1,0.0,True,1110,398,2,0.35855855855855856,0.35855855855855856,1.0,0.5278514588859416
SKAB,2,7,persistence_baseline,unseen_data,4,3,0.1,10,0.5,0.0,1,0.7,-2.1133979164151095,1,0.0,True,2,0,2,0.0,0.0,0.0,0.0
SKAB,2,7,persistence_plus_block_confidence,unseen_data,4,3,0.1,10,0.5,0.0,1,0.7,-2.1133979164151095,1,0.0,True,2,0,2,0.0,0.0,0.0,0.0
SKAB,2,999,persistence_baseline,original,4,3,0.01,2,0.1,0.0,1,0.7,-4.4788379426633576,1,0.0,True,1110,398,2,0.35855855855855856,0.35855855855855856,1.0,0.5278514588859416
SKAB,2,999,persistence_plus_block_confidence,original,4,3,0.01,2,0.1,0.0,1,0.7,-4.4788379426633576,1,0.0,True,1110,398,2,0.35855855855855856,0.35855855855855856,1.0,0.5278514588859416
SKAB,2,999,persistence_baseline,gaussian_noise,4,3,0.01,2,0.1,0.0,1,0.7,-4.4788379426633576,1,0.0,True,1110,398,2,0.35855855855855856,0.35855855855855856,1.0,0.5278514588859416
SKAB,2,999,persistence_plus_block_confidence,gaussian_noise,4,3,0.01,2,0.1,0.0,1,0.7,-4.4788379426633576,1,0.0,True,1110,398,2,0.35855855855855856,0.35855855855855856,1.0,0.5278514588859416
SKAB,2,999,persistence_baseline,unseen_data,4,3,0.01,2,0.1,0.0,1,0.7,-4.4788379426633576,1,0.0,True,2,0,2,0.0,0.0,0.0,0.0
SKAB,2,999,persistence_plus_block_confidence,unseen_data,4,3,0.01,2,0.1,0.0,1,0.7,-4.4788379426633576,1,0.0,True,2,0,2,0.0,0.0,0.0,0.0
SKAB,3,42,persistence_baseline,original,4,3,0.01,5,0.1,2.0,3,0.7,0.023053437022547953,3,0.0,True,1111,398,1,0.6345634563456346,0.4912663755458515,0.5653266331658291,0.5257009345794392
SKAB,3,42,persistence_plus_block_confidence,original,4,3,0.01,5,0.1,2.0,3,0.7,0.023053437022547953,3,0.0,True,1111,398,1,0.6345634563456346,0.4912663755458515,0.5653266331658291,0.5257009345794392
SKAB,3,42,persistence_baseline,gaussian_noise,4,3,0.01,5,0.1,2.0,3,0.7,0.023053437022547953,3,0.0,True,1111,398,1,0.6354635463546354,0.4923747276688453,0.5678391959798995,0.5274212368728122
SKAB,3,42,persistence_plus_block_confidence,gaussian_noise,4,3,0.01,5,0.1,2.0,3,0.7,0.023053437022547953,3,0.0,True,1111,398,1,0.6354635463546354,0.4923747276688453,0.5678391959798995,0.5274212368728122
SKAB,3,42,persistence_baseline,unseen_data,4,3,0.01,5,0.1,2.0,3,0.7,0.023053437022547953,3,0.0,True,1,0,1,1.0,0.0,0.0,0.0
SKAB,3,42,persistence_plus_block_confidence,unseen_data,4,3,0.01,5,0.1,2.0,3,0.7,0.023053437022547953,3,0.0,True,1,0,1,1.0,0.0,0.0,0.0
SKAB,3,123,persistence_baseline,original,4,3,0.05,2,0.1,0.0,5,0.7,-0.19576886046408415,5,17.033088821399133,False,1111,398,1,0.45184518451845185,0.3742550655542312,0.7889447236180904,0.50767987065481
SKAB,3,123,persistence_plus_block_confidence,original,4,3,0.05,2,0.1,0.0,5,0.7,-0.19576886046408415,5,17.033088821399133,False,1111,398,1,0.5256525652565257,0.3722772277227723,0.4723618090452261,0.416389811738649
SKAB,3,123,persistence_baseline,gaussian_noise,4,3,0.05,2,0.1,0.0,5,0.7,-0.19576886046408415,5,17.033088821399133,False,1111,398,1,0.45454545454545453,0.37409200968523004,0.7763819095477387,0.5049019607843137
SKAB,3,123,persistence_plus_block_confidence,gaussian_noise,4,3,0.05,2,0.1,0.0,5,0.7,-0.19576886046408415,5,17.033088821399133,False,1111,398,1,0.5256525652565257,0.3722772277227723,0.4723618090452261,0.416389811738649
SKAB,3,123,persistence_baseline,unseen_data,4,3,0.05,2,0.1,0.0,5,0.7,-0.19576886046408415,5,17.033088821399133,False,1,0,1,0.0,0.0,0.0,0.0
SKAB,3,123,persistence_plus_block_confidence,unseen_data,4,3,0.05,2,0.1,0.0,5,0.7,-0.19576886046408415,5,17.033088821399133,False,1,0,1,0.0,0.0,0.0,0.0
SKAB,3,2026,persistence_baseline,original,4,3,0.01,10,0.1,0.0,8,0.7,-3.2271176297633044,8,0.0,True,1111,398,1,0.35913591359135916,0.35855855855855856,1.0,0.5278514588859416
SKAB,3,2026,persistence_plus_block_confidence,original,4,3,0.01,10,0.1,0.0,8,0.7,-3.2271176297633044,8,0.0,True,1111,398,1,0.35913591359135916,0.35855855855855856,1.0,0.5278514588859416
SKAB,3,2026,persistence_baseline,gaussian_noise,4,3,0.01,10,0.1,0.0,8,0.7,-3.2271176297633044,8,0.0,True,1111,398,1,0.35913591359135916,0.35855855855855856,1.0,0.5278514588859416
SKAB,3,2026,persistence_plus_block_confidence,gaussian_noise,4,3,0.01,10,0.1,0.0,8,0.7,-3.2271176297633044,8,0.0,True,1111,398,1,0.35913591359135916,0.35855855855855856,1.0,0.5278514588859416
SKAB,3,2026,persistence_baseline,unseen_data,4,3,0.01,10,0.1,0.0,8,0.7,-3.2271176297633044,8,0.0,True,1,0,1,0.0,0.0,0.0,0.0
SKAB,3,2026,persistence_plus_block_confidence,unseen_data,4,3,0.01,10,0.1,0.0,8,0.7,-3.2271176297633044,8,0.0,True,1,0,1,0.0,0.0,0.0,0.0
SKAB,3,7,persistence_baseline,original,4,3,0.05,2,0.1,0.0,5,0.7,-0.19576886046408415,5,17.033088821399133,False,1111,398,1,0.45184518451845185,0.3742550655542312,0.7889447236180904,0.50767987065481
SKAB,3,7,persistence_plus_block_confidence,original,4,3,0.05,2,0.1,0.0,5,0.7,-0.19576886046408415,5,17.033088821399133,False,1111,398,1,0.5256525652565257,0.3722772277227723,0.4723618090452261,0.416389811738649
SKAB,3,7,persistence_baseline,gaussian_noise,4,3,0.05,2,0.1,0.0,5,0.7,-0.19576886046408415,5,17.033088821399133,False,1111,398,1,0.43744374437443745,0.362089914945322,0.7487437185929648,0.4881244881244881
SKAB,3,7,persistence_plus_block_confidence,gaussian_noise,4,3,0.05,2,0.1,0.0,5,0.7,-0.19576886046408415,5,17.033088821399133,False,1111,398,1,0.5256525652565257,0.3722772277227723,0.4723618090452261,0.416389811738649
SKAB,3,7,persistence_baseline,unseen_data,4,3,0.05,2,0.1,0.0,5,0.7,-0.19576886046408415,5,17.033088821399133,False,1,0,1,0.0,0.0,0.0,0.0
SKAB,3,7,persistence_plus_block_confidence,unseen_data,4,3,0.05,2,0.1,0.0,5,0.7,-0.19576886046408415,5,17.033088821399133,False,1,0,1,0.0,0.0,0.0,0.0
SKAB,3,999,persistence_baseline,original,4,3,0.01,5,0.1,2.0,3,0.7,0.023053437022547953,3,0.0,True,1111,398,1,0.6345634563456346,0.4912663755458515,0.5653266331658291,0.5257009345794392
SKAB,3,999,persistence_plus_block_confidence,original,4,3,0.01,5,0.1,2.0,3,0.7,0.023053437022547953,3,0.0,True,1111,398,1,0.6345634563456346,0.4912663755458515,0.5653266331658291,0.5257009345794392
SKAB,3,999,persistence_baseline,gaussian_noise,4,3,0.01,5,0.1,2.0,3,0.7,0.023053437022547953,3,0.0,True,1111,398,1,0.6354635463546354,0.4923413566739606,0.5653266331658291,0.5263157894736842
SKAB,3,999,persistence_plus_block_confidence,gaussian_noise,4,3,0.01,5,0.1,2.0,3,0.7,0.023053437022547953,3,0.0,True,1111,398,1,0.6354635463546354,0.4923413566739606,0.5653266331658291,0.5263157894736842
SKAB,3,999,persistence_baseline,unseen_data,4,3,0.01,5,0.1,2.0,3,0.7,0.023053437022547953,3,0.0,True,1,0,1,1.0,0.0,0.0,0.0
SKAB,3,999,persistence_plus_block_confidence,unseen_data,4,3,0.01,5,0.1,2.0,3,0.7,0.023053437022547953,3,0.0,True,1,0,1,1.0,0.0,0.0,0.0
SKAB,4,42,persistence_baseline,original,4,3,0.01,10,0.1,0.0,5,0.7,0.012653297886790427,5,0.0,True,1095,416,2,0.5232876712328767,0.43908045977011495,0.9182692307692307,0.5940902021772939
SKAB,4,42,persistence_plus_block_confidence,original,4,3,0.01,10,0.1,0.0,5,0.7,0.012653297886790427,5,0.0,True,1095,416,2,0.5232876712328767,0.43908045977011495,0.9182692307692307,0.5940902021772939
SKAB,4,42,persistence_baseline,gaussian_noise,4,3,0.01,10,0.1,0.0,5,0.7,0.012653297886790427,5,0.0,True,1095,416,2,0.5324200913242009,0.44366197183098594,0.9086538461538461,0.5962145110410094
SKAB,4,42,persistence_plus_block_confidence,gaussian_noise,4,3,0.01,10,0.1,0.0,5,0.7,0.012653297886790427,5,0.0,True,1095,416,2,0.5324200913242009,0.44366197183098594,0.9086538461538461,0.5962145110410094
SKAB,4,42,persistence_baseline,unseen_data,4,3,0.01,10,0.1,0.0,5,0.7,0.012653297886790427,5,0.0,True,2,0,2,0.0,0.0,0.0,0.0
SKAB,4,42,persistence_plus_block_confidence,unseen_data,4,3,0.01,10,0.1,0.0,5,0.7,0.012653297886790427,5,0.0,True,2,0,2,0.0,0.0,0.0,0.0
SKAB,4,123,persistence_baseline,original,4,3,0.05,10,1.0,0.0,8,0.7,-0.11973807049218688,8,10.569931140401016,False,1095,416,2,0.5095890410958904,0.4302191464821223,0.8966346153846154,0.5814497272018706
SKAB,4,123,persistence_plus_block_confidence,original,4,3,0.05,10,1.0,0.0,8,0.7,-0.11973807049218688,8,10.569931140401016,False,1095,416,2,0.5863013698630137,0.4693200663349917,0.6802884615384616,0.5554465161923454
SKAB,4,123,persistence_baseline,gaussian_noise,4,3,0.05,10,1.0,0.0,8,0.7,-0.11973807049218688,8,10.569931140401016,False,1095,416,2,0.5178082191780822,0.4339622641509434,0.8846153846153846,0.5822784810126582
SKAB,4,123,persistence_plus_block_confidence,gaussian_noise,4,3,0.05,10,1.0,0.0,8,0.7,-0.11973807049218688,8,10.569931140401016,False,1095,416,2,0.589041095890411,0.47194719471947194,0.6875,0.5596868884540117
SKAB,4,123,persistence_baseline,unseen_data,4,3,0.05,10,1.0,0.0,8,0.7,-0.11973807049218688,8,10.569931140401016,False,2,0,2,1.0,0.0,0.0,0.0
SKAB,4,123,persistence_plus_block_confidence,unseen_data,4,3,0.05,10,1.0,0.0,8,0.7,-0.11973807049218688,8,10.569931140401016,False,2,0,2,1.0,0.0,0.0,0.0
SKAB,4,2026,persistence_baseline,original,4,3,0.05,10,0.1,0.0,8,0.7,-0.07591201549612603,13,0.0,False,1095,416,2,0.5342465753424658,0.44183168316831684,0.8581730769230769,0.5833333333333334
SKAB,4,2026,persistence_plus_block_confidence,original,4,3,0.05,10,0.1,0.0,8,0.7,-0.07591201549612603,13,0.0,False,1095,416,2,0.5598173515981735,0.45634920634920634,0.8293269230769231,0.5887372013651877
SKAB,4,2026,persistence_baseline,gaussian_noise,4,3,0.05,10,0.1,0.0,8,0.7,-0.07591201549612603,13,0.0,False,1095,416,2,0.554337899543379,0.4539641943734015,0.8533653846153846,0.5926544240400667
SKAB,4,2026,persistence_plus_block_confidence,gaussian_noise,4,3,0.05,10,0.1,0.0,8,0.7,-0.07591201549612603,13,0.0,False,1095,416,2,0.6009132420091324,0.4856361149110807,0.8533653846153846,0.6190061028770706
SKAB,4,2026,persistence_baseline,unseen_data,4,3,0.05,10,0.1,0.0,8,0.7,-0.07591201549612603,13,0.0,False,2,0,2,0.0,0.0,0.0,0.0
SKAB,4,2026,persistence_plus_block_confidence,unseen_data,4,3,0.05,10,0.1,0.0,8,0.7,-0.07591201549612603,13,0.0,False,2,0,2,0.0,0.0,0.0,0.0
SKAB,4,7,persistence_baseline,original,4,3,0.05,10,0.1,0.0,8,0.7,-0.07591201549612603,13,0.0,False,1095,416,2,0.5342465753424658,0.44183168316831684,0.8581730769230769,0.5833333333333334
SKAB,4,7,persistence_plus_block_confidence,original,4,3,0.05,10,0.1,0.0,8,0.7,-0.07591201549612603,13,0.0,False,1095,416,2,0.5598173515981735,0.45634920634920634,0.8293269230769231,0.5887372013651877
SKAB,4,7,persistence_baseline,gaussian_noise,4,3,0.05,10,0.1,0.0,8,0.7,-0.07591201549612603,13,0.0,False,1095,416,2,0.5187214611872146,0.43272727272727274,0.8581730769230769,0.5753424657534246
SKAB,4,7,persistence_plus_block_confidence,gaussian_noise,4,3,0.05,10,0.1,0.0,8,0.7,-0.07591201549612603,13,0.0,False,1095,416,2,0.5150684931506849,0.42857142857142855,0.8293269230769231,0.5651105651105651
SKAB,4,7,persistence_baseline,unseen_data,4,3,0.05,10,0.1,0.0,8,0.7,-0.07591201549612603,13,0.0,False,2,0,2,0.0,0.0,0.0,0.0
SKAB,4,7,persistence_plus_block_confidence,unseen_data,4,3,0.05,10,0.1,0.0,8,0.7,-0.07591201549612603,13,0.0,False,2,0,2,0.0,0.0,0.0,0.0
SKAB,4,999,persistence_baseline,original,4,3,0.05,10,0.1,0.0,8,0.7,-0.07591201549612603,13,0.0,False,1095,416,2,0.5342465753424658,0.44183168316831684,0.8581730769230769,0.5833333333333334
SKAB,4,999,persistence_plus_block_confidence,original,4,3,0.05,10,0.1,0.0,8,0.7,-0.07591201549612603,13,0.0,False,1095,416,2,0.5598173515981735,0.45634920634920634,0.8293269230769231,0.5887372013651877
SKAB,4,999,persistence_baseline,gaussian_noise,4,3,0.05,10,0.1,0.0,8,0.7,-0.07591201549612603,13,0.0,False,1095,416,2,0.5305936073059361,0.44096385542168676,0.8798076923076923,0.5874799357945425
SKAB,4,999,persistence_plus_block_confidence,gaussian_noise,4,3,0.05,10,0.1,0.0,8,0.7,-0.07591201549612603,13,0.0,False,1095,416,2,0.5625570776255707,0.4591439688715953,0.8509615384615384,0.5964616680707666
SKAB,4,999,persistence_baseline,unseen_data,4,3,0.05,10,0.1,0.0,8,0.7,-0.07591201549612603,13,0.0,False,2,0,2,0.0,0.0,0.0,0.0
SKAB,4,999,persistence_plus_block_confidence,unseen_data,4,3,0.05,10,0.1,0.0,8,0.7,-0.07591201549612603,13,0.0,False,2,0,2,0.0,0.0,0.0,0.0
SKAB,5,42,persistence_baseline,original,4,3,0.01,10,1.0,0.0,7,0.7,-0.6885258629643474,7,0.0,True,1118,417,0,0.4525939177101968,0.39436619718309857,0.8729016786570744,0.5432835820895522
SKAB,5,42,persistence_plus_block_confidence,original,4,3,0.01,10,1.0,0.0,7,0.7,-0.6885258629643474,7,0.0,True,1118,417,0,0.4525939177101968,0.39436619718309857,0.8729016786570744,0.5432835820895522
SKAB,5,42,persistence_baseline,gaussian_noise,4,3,0.01,10,1.0,0.0,7,0.7,-0.6885258629643474,7,0.0,True,1118,417,0,0.43917710196779963,0.38660907127429806,0.8585131894484412,0.5331347728965004
SKAB,5,42,persistence_plus_block_confidence,gaussian_noise,4,3,0.01,10,1.0,0.0,7,0.7,-0.6885258629643474,7,0.0,True,1118,417,0,0.43917710196779963,0.38660907127429806,0.8585131894484412,0.5331347728965004
SKAB,5,42,persistence_baseline,unseen_data,4,3,0.01,10,1.0,0.0,7,0.7,-0.6885258629643474,7,0.0,True,0,0,0,0.0,0.0,0.0,0.0
SKAB,5,42,persistence_plus_block_confidence,unseen_data,4,3,0.01,10,1.0,0.0,7,0.7,-0.6885258629643474,7,0.0,True,0,0,0,0.0,0.0,0.0,0.0
SKAB,5,123,persistence_baseline,original,4,3,0.01,10,1.0,0.0,4,0.7,-0.021662718826137198,4,5.342334251964811,False,1118,417,0,0.4937388193202147,0.25573770491803277,0.18705035971223022,0.21606648199445982
SKAB,5,123,persistence_plus_block_confidence,original,4,3,0.01,10,1.0,0.0,4,0.7,-0.021662718826137198,4,5.342334251964811,False,1118,417,0,0.537567084078712,0.08333333333333333,0.023980815347721823,0.037243947858473
SKAB,5,123,persistence_baseline,gaussian_noise,4,3,0.01,10,1.0,0.0,4,0.7,-0.021662718826137198,4,5.342334251964811,False,1118,417,0,0.4776386404293381,0.2398753894080997,0.18465227817745802,0.2086720867208672
SKAB,5,123,persistence_plus_block_confidence,gaussian_noise,4,3,0.01,10,1.0,0.0,4,0.7,-0.021662718826137198,4,5.342334251964811,False,1118,417,0,0.5259391771019678,0.07518796992481203,0.023980815347721823,0.03636363636363636
SKAB,5,123,persistence_baseline,unseen_data,4,3,0.01,10,1.0,0.0,4,0.7,-0.021662718826137198,4,5.342334251964811,False,0,0,0,0.0,0.0,0.0,0.0
SKAB,5,123,persistence_plus_block_confidence,unseen_data,4,3,0.01,10,1.0,0.0,4,0.7,-0.021662718826137198,4,5.342334251964811,False,0,0,0,0.0,0.0,0.0,0.0
SKAB,5,2026,persistence_baseline,original,4,3,0.01,10,1.0,0.0,4,0.7,-0.021662718826137198,4,5.342334251964811,False,1118,417,0,0.4937388193202147,0.25573770491803277,0.18705035971223022,0.21606648199445982
SKAB,5,2026,persistence_plus_block_confidence,original,4,3,0.01,10,1.0,0.0,4,0.7,-0.021662718826137198,4,5.342334251964811,False,1118,417,0,0.537567084078712,0.08333333333333333,0.023980815347721823,0.037243947858473
SKAB,5,2026,persistence_baseline,gaussian_noise,4,3,0.01,10,1.0,0.0,4,0.7,-0.021662718826137198,4,5.342334251964811,False,1118,417,0,0.4883720930232558,0.247557003257329,0.18225419664268586,0.20994475138121546
SKAB,5,2026,persistence_plus_block_confidence,gaussian_noise,4,3,0.01,10,1.0,0.0,4,0.7,-0.021662718826137198,4,5.342334251964811,False,1118,417,0,0.5402504472271914,0.07079646017699115,0.019184652278177457,0.03018867924528302
SKAB,5,2026,persistence_baseline,unseen_data,4,3,0.01,10,1.0,0.0,4,0.7,-0.021662718826137198,4,5.342334251964811,False,0,0,0,0.0,0.0,0.0,0.0
SKAB,5,2026,persistence_plus_block_confidence,unseen_data,4,3,0.01,10,1.0,0.0,4,0.7,-0.021662718826137198,4,5.342334251964811,False,0,0,0,0.0,0.0,0.0,0.0
SKAB,5,7,persistence_baseline,original,4,3,0.01,10,1.0,0.0,7,0.7,-0.6885258629643474,7,0.0,True,1118,417,0,0.4525939177101968,0.39436619718309857,0.8729016786570744,0.5432835820895522
SKAB,5,7,persistence_plus_block_confidence,original,4,3,0.01,10,1.0,0.0,7,0.7,-0.6885258629643474,7,0.0,True,1118,417,0,0.4525939177101968,0.39436619718309857,0.8729016786570744,0.5432835820895522
SKAB,5,7,persistence_baseline,gaussian_noise,4,3,0.01,10,1.0,0.0,7,0.7,-0.6885258629643474,7,0.0,True,1118,417,0,0.41771019677996424,0.3752665245202559,0.8441247002398081,0.5195571955719557
SKAB,5,7,persistence_plus_block_confidence,gaussian_noise,4,3,0.01,10,1.0,0.0,7,0.7,-0.6885258629643474,7,0.0,True,1118,417,0,0.41771019677996424,0.3752665245202559,0.8441247002398081,0.5195571955719557
SKAB,5,7,persistence_baseline,unseen_data,4,3,0.01,10,1.0,0.0,7,0.7,-0.6885258629643474,7,0.0,True,0,0,0,0.0,0.0,0.0,0.0
SKAB,5,7,persistence_plus_block_confidence,unseen_data,4,3,0.01,10,1.0,0.0,7,0.7,-0.6885258629643474,7,0.0,True,0,0,0,0.0,0.0,0.0,0.0
SKAB,5,999,persistence_baseline,original,4,3,0.01,10,1.0,0.0,7,0.7,-0.6885258629643474,7,0.0,True,1118,417,0,0.4525939177101968,0.39436619718309857,0.8729016786570744,0.5432835820895522
SKAB,5,999,persistence_plus_block_confidence,original,4,3,0.01,10,1.0,0.0,7,0.7,-0.6885258629643474,7,0.0,True,1118,417,0,0.4525939177101968,0.39436619718309857,0.8729016786570744,0.5432835820895522
SKAB,5,999,persistence_baseline,gaussian_noise,4,3,0.01,10,1.0,0.0,7,0.7,-0.6885258629643474,7,0.0,True,1118,417,0,0.4293381037567084,0.3857290589451913,0.894484412470024,0.5390173410404624
SKAB,5,999,persistence_plus_block_confidence,gaussian_noise,4,3,0.01,10,1.0,0.0,7,0.7,-0.6885258629643474,7,0.0,True,1118,417,0,0.4293381037567084,0.3857290589451913,0.894484412470024,0.5390173410404624
SKAB,5,999,persistence_baseline,unseen_data,4,3,0.01,10,1.0,0.0,7,0.7,-0.6885258629643474,7,0.0,True,0,0,0,0.0,0.0,0.0,0.0
SKAB,5,999,persistence_plus_block_confidence,unseen_data,4,3,0.01,10,1.0,0.0,7,0.7,-0.6885258629643474,7,0.0,True,0,0,0,0.0,0.0,0.0,0.0
